Workbook

Sheet Std
A1: Standard
B3: Mexhine / Process | C3: Specification / Tolerance | D3: Product
A4: Raw Material | B4: DRC RM | C4: - | D4: Bokar
A5: Wet Process | B5: Slab Cutter (SC) | C5: maks. 200mm | D5: Cacahan SC
B6: Pre-Breaker (PB) | C6: maks. 150mm | D6: Cacahan PB
B7: Hammer Mill (HM) | C7: maks. 100mm | D7: Cacahan HM
B8: Shredder 1 (SH1) | C8: 5±1mm | D8: Cacahan SH1
B9: Creeper 8 (CP8) | C9: 10±2mm | D9: Blanket Basah
A10: Ampaian | B10: DRC Ampaian | C10: DRC ≥ 90%; < 90%, izin manager/direksi | D10: Blanket Kering
B11: Dirt | C11: maks. 0.16% (SIR20); maks. 0.08% (SIR10) | D11: Blanket Kering
B12: P0 | C12: min. 30 (SIR20); min. 30 (SIR10) | D12: Blanket Kering
B13: PRI | C13: min. 40 (SIR20); min. 50 (SIR10) | D13: Blanket Kering
B14: MV | C14: min. 65 (internal) | D14: Blanket Kering
A15: Dry Process | B15: Shredder 2 (SH2) | C15: 5±1mm | D15: Cacahan SH2
B16: Feeding Station & Trolley | C16: - | D16: Crumb
B17: P0 | C17: min. 30 (SIR20); min. 30 (SIR10) | D17: Cake/Biscuit
B18: PRI | C18: min. 40 (SIR20); min. 50 (SIR10) | D18: Cake/Biscuit | G18: Int (PBS) | I18: SNI 1903 | K18: Belshina | L18: Kamma Tyres | M18: PT GAJAH TUNGGAL, Tbk
B19: MV | C19: min. 65 (internal); Buyer Standard | D19: Cake/Biscuit | G19: SIR10 | H19: SIR20 | I19: SIR10 | J19: SIR20 | K19: SIR20 | L19: SIR20 | M19: SIR20
A20: Laboratory | B20: Dirt | C20: maks. 0.16% (SIR20); maks. 0.08% (SIR10) | D20: Bale/Pallet | F20: Dirt % | G20: 0.08 | H20: 0.13 | I20: 0.08 | J20: 0.16 | K20: 0.16 | L20: 0.20 (Tar 0.15) | M20: 0.16
B21: Ash | C21: maks. 1.00% (SIR20); maks. 0.75% (SIR10) | D21: Bale/Pallet | F21: Ash % | G21: 0.5 | H21: 0.5 | I21: 0.75 | J21: 1 | K21: 0.8 | L21: 1.00 (Tar 0.80) | M21: 1
B22: VM | C22: maks. 0.80% (SIR20); maks. 0.80% (SIR10) | D22: Bale/Pallet | F22: VM % | G22: 0.4 | H22: 0.4 | I22: 0.8 | J22: 0.8 | K22: 0.8 | L22: 0.80 [cp,cpk > 1.33] | M22: 0.8
B23: P0 | C23: min. 30 (SIR20); min. 30 (SIR10) | D23: Bale/Pallet | F23: P0 | G23: 32 | H23: 32 | I23: 30 | J23: 30 | K23: 30 | L23: 30 - 50 mm [cp,cpk > 1.67] | M23: 30
B24: PRI | C24: min. 40 (SIR20); min. 50 (SIR10) | D24: Bale/Pallet | F24: PRI | G24: 65 | H24: 65 | I24: 50 | J24: 40 | K24: 50 | L24: 55 [cp,cpk > 1.67] | M24: 40
B25: N | C25: maks. 0.60% (SIR20); maks. 0.60% (SIR10) | D25: Bale/Pallet | F25: N | G25: 0.25 | H25: 0.25 | I25: 0.6 | J25: 0.6 | K25: 0.6 | L25: 0.6 | M25: 0.6
B26: MV | C26: min. 65 (internal); Buyer Standard | D26: Bale/Pallet | F26: MV | G26: 65 | H26: 65 | I26: - | J26: - | K26: 75-88 (dest) | L26: 73 - 93 (OOO - H3ГШ) | M26: 60
A27: Quality Control | B27: PDI | C27: Kontaminasi, WS, Metal (MP/MS), Jamur, Hasil Uji Lab, Pallet, Packing | D27: Good / Not Good | K27: 70-83 (manuf) | L27: 73 - 88 (ПAO - HKШ)
A28: Finisgood | B28: Alokasi Pengiriman | C28: Produk Good | D28: No Export
A29: Export | B29: Dokumen Export | C29: CoQ, CoQ, TR, and RoA, Sampel (request Buyer) | D29: Dokumen

Sheet Sum
A1: Summary Report
A3: Batch | B3: Raw Material | C3: Wet Process | D3: Ampaian | E3: Dry Process | J3: Laboratory | P3: Quality Control | Q3: Finisgood | R3: Status | S3: Keterangan
E4: Produk Sesuai | F4: Produk Tidak Sesuai | G4: Total Produk | I4: Tanggal Analisa (Terakhir) | J4: Total | K4: P0 > 30 | L4: P0 < 30 | M4: PRI > 65 | N4: PRI < 65 | P4: Total Belum di PDI | Q4: Total Barang Ready
A5: 27 | B5: =SUMIF(RM!B:B,Sum!A5,RM!G:G) -> 34041.867 | C5: =SUMIF(Ampaian!A:A,Sum!A5,Ampaian!G:G) -> 0 | D5: =SUMIF(Ampaian!A:A,Sum!A5,Ampaian!U:U) -> 0 | E5: =SUMIF(Dry!A:A,Sum!A5,Dry!AP:AP) -> 665 | F5: =SUMIF(Dry!A:A,Sum!A5,Dry!AS:AS) -> 3570 | G5: =SUM(E5:F5) -> 4235 | I5: =MAX(Lab!H5:H1048576) -> 46312 | J5: =COUNTIFS(Lab!D5:D1048576,"<0") -> 99 | K5: =COUNTIFS(Lab!N5:N1048576,">30",Lab!D5:D1048576,"<0") -> 97 | L5: =COUNTIFS(Lab!N5:N1048576,"<30",Lab!D5:D1048576,"<0") -> 2 | M5: =COUNTIFS(Lab!P5:P1048576,">65",Lab!D5:D1048576,"<0") -> 97 | N5: =COUNTIFS(Lab!P5:P1048576,"<65",Lab!D5:D1048576,"<0") -> 2
A6: 28 | B6: =SUMIF(RM!B:B,Sum!A6,RM!G:G) -> 39527.682 | C6: =SUMIF(Ampaian!A:A,Sum!A6,Ampaian!G:G) -> 64256.171 | D6: =SUMIF(Ampaian!A:A,Sum!A6,Ampaian!U:U) -> 46913.345 | E6: =SUMIF(Dry!A:A,Sum!A6,Dry!AP:AP) -> 44730 | F6: =SUMIF(Dry!A:A,Sum!A6,Dry!AS:AS) -> 2310 | G6: =SUM(E6:F6) -> 47040
A7: 1 | B7: =SUMIF(RM!B:B,Sum!A7,RM!G:G) -> 34042.634 | C7: =SUMIF(Ampaian!A:A,Sum!A7,Ampaian!G:G) -> 35336.111 | D7: =SUMIF(Ampaian!A:A,Sum!A7,Ampaian!U:U) -> 8247.9251 | E7: =SUMIF(Dry!A:A,Sum!A7,Dry!AP:AP) -> 30380 | F7: =SUMIF(Dry!A:A,Sum!A7,Dry!AS:AS) -> 1190 | G7: =SUM(E7:F7) -> 31570
A8: 2 | B8: =SUMIF(RM!B:B,Sum!A8,RM!G:G) -> 37654.909 | C8: =SUMIF(Ampaian!A:A,Sum!A8,Ampaian!G:G) -> 38562.14 | D8: =SUMIF(Ampaian!A:A,Sum!A8,Ampaian!U:U) -> 12131.808 | E8: =SUMIF(Dry!A:A,Sum!A8,Dry!AP:AP) -> 33040 | F8: =SUMIF(Dry!A:A,Sum!A8,Dry!AS:AS) -> 3220 | G8: =SUM(E8:F8) -> 36260
A9: 3 | B9: =SUMIF(RM!B:B,Sum!A9,RM!G:G) -> 35011.848 | C9: =SUMIF(Ampaian!A:A,Sum!A9,Ampaian!G:G) -> 36619.779 | D9: =SUMIF(Ampaian!A:A,Sum!A9,Ampaian!U:U) -> 2998.4886 | E9: =SUMIF(Dry!A:A,Sum!A9,Dry!AP:AP) -> 29085 | F9: =SUMIF(Dry!A:A,Sum!A9,Dry!AS:AS) -> 1925 | G9: =SUM(E9:F9) -> 31010
A10: 4 | B10: =SUMIF(RM!B:B,Sum!A10,RM!G:G) -> 43045.551 | C10: =SUMIF(Ampaian!A:A,Sum!A10,Ampaian!G:G) -> 39744.929 | D10: =SUMIF(Ampaian!A:A,Sum!A10,Ampaian!U:U) -> 38166.225 | E10: =SUMIF(Dry!A:A,Sum!A10,Dry!AP:AP) -> 34860 | F10: =SUMIF(Dry!A:A,Sum!A10,Dry!AS:AS) -> 1155 | G10: =SUM(E10:F10) -> 36015
A11: 5 | B11: =SUMIF(RM!B:B,Sum!A11,RM!G:G) -> 35483.133 | C11: =SUMIF(Ampaian!A:A,Sum!A11,Ampaian!G:G) -> 40311.511 | D11: =SUMIF(Ampaian!A:A,Sum!A11,Ampaian!U:U) -> 36487.818 | E11: =SUMIF(Dry!A:A,Sum!A11,Dry!AP:AP) -> 28910 | F11: =SUMIF(Dry!A:A,Sum!A11,Dry!AS:AS) -> 8855 | G11: =SUM(E11:F11) -> 37765
A12: 6 | B12: =SUMIF(RM!B:B,Sum!A12,RM!G:G) -> 36470.12 | C12: =SUMIF(Ampaian!A:A,Sum!A12,Ampaian!G:G) -> 37310.303 | D12: =SUMIF(Ampaian!A:A,Sum!A12,Ampaian!U:U) -> 36239.725 | E12: =SUMIF(Dry!A:A,Sum!A12,Dry!AP:AP) -> 30660 | F12: =SUMIF(Dry!A:A,Sum!A12,Dry!AS:AS) -> 7350 | G12: =SUM(E12:F12) -> 38010
A13: 7 | B13: =SUMIF(RM!B:B,Sum!A13,RM!G:G) -> 36097.966 | C13: =SUMIF(Ampaian!A:A,Sum!A13,Ampaian!G:G) -> 37596.615 | D13: =SUMIF(Ampaian!A:A,Sum!A13,Ampaian!U:U) -> 36507.48 | E13: =SUMIF(Dry!A:A,Sum!A13,Dry!AP:AP) -> 44135 | F13: =SUMIF(Dry!A:A,Sum!A13,Dry!AS:AS) -> 700 | G13: =SUM(E13:F13) -> 44835
A14: 8 | B14: =SUMIF(RM!B:B,Sum!A14,RM!G:G) -> 53986.293 | C14: =SUMIF(Ampaian!A:A,Sum!A14,Ampaian!G:G) -> 59467.974 | D14: =SUMIF(Ampaian!A:A,Sum!A14,Ampaian!U:U) -> 54243.343 | E14: =SUMIF(Dry!A:A,Sum!A14,Dry!AP:AP) -> 0 | F14: =SUMIF(Dry!A:A,Sum!A14,Dry!AS:AS) -> 0 | G14: =SUM(E14:F14) -> 0
A15: 9 | B15: =SUMIF(RM!B:B,Sum!A15,RM!G:G) -> 35058.466 | C15: =SUMIF(Ampaian!A:A,Sum!A15,Ampaian!G:G) -> 37109.45 | D15: =SUMIF(Ampaian!A:A,Sum!A15,Ampaian!U:U) -> 34611.984 | E15: =SUMIF(Dry!A:A,Sum!A15,Dry!AP:AP) -> 33425 | F15: =SUMIF(Dry!A:A,Sum!A15,Dry!AS:AS) -> 1960 | G15: =SUM(E15:F15) -> 35385
A16: 10 | B16: =SUMIF(RM!B:B,Sum!A16,RM!G:G) -> 33749.763 | C16: =SUMIF(Ampaian!A:A,Sum!A16,Ampaian!G:G) -> 34008.712 | D16: =SUMIF(Ampaian!A:A,Sum!A16,Ampaian!U:U) -> 31278.676 | E16: =SUMIF(Dry!A:A,Sum!A16,Dry!AP:AP) -> 0 | F16: =SUMIF(Dry!A:A,Sum!A16,Dry!AS:AS) -> 0 | G16: =SUM(E16:F16) -> 0
A17: 11 | B17: =SUMIF(RM!B:B,Sum!A17,RM!G:G) -> 142040 | C17: =SUMIF(Ampaian!A:A,Sum!A17,Ampaian!G:G) -> 150974.81 | D17: =SUMIF(Ampaian!A:A,Sum!A17,Ampaian!U:U) -> 134226.95 | E17: =SUMIF(Dry!A:A,Sum!A17,Dry!AP:AP) -> 57120 | F17: =SUMIF(Dry!A:A,Sum!A17,Dry!AS:AS) -> 6265 | G17: =SUM(E17:F17) -> 63385
A18: 12 | B18: =SUMIF(RM!B:B,Sum!A18,RM!G:G) -> 48860.725 | C18: =SUMIF(Ampaian!A:A,Sum!A18,Ampaian!G:G) -> 51251.541 | D18: =SUMIF(Ampaian!A:A,Sum!A18,Ampaian!U:U) -> 44656.503 | E18: =SUMIF(Dry!A:A,Sum!A18,Dry!AP:AP) -> 43085 | F18: =SUMIF(Dry!A:A,Sum!A18,Dry!AS:AS) -> 7315 | G18: =SUM(E18:F18) -> 50400
A19: 13/14 | B19: =SUMIF(RM!B:B,Sum!A19,RM!G:G) -> 129416.26 | C19: =SUMIF(Ampaian!A:A,Sum!A19,Ampaian!G:G) -> 0 | D19: =SUMIF(Ampaian!A:A,Sum!A19,Ampaian!U:U) -> 0 | E19: =SUMIF(Dry!A:A,Sum!A19,Dry!AP:AP) -> 0 | F19: =SUMIF(Dry!A:A,Sum!A19,Dry!AS:AS) -> 0 | G19: =SUM(E19:F19) -> 0
A20: 15 | B20: =SUMIF(RM!B:B,Sum!A20,RM!G:G) -> 106294 | C20: =SUMIF(Ampaian!A:A,Sum!A20,Ampaian!G:G) -> 0 | D20: =SUMIF(Ampaian!A:A,Sum!A20,Ampaian!U:U) -> 0 | E20: =SUMIF(Dry!A:A,Sum!A20,Dry!AP:AP) -> 0 | F20: =SUMIF(Dry!A:A,Sum!A20,Dry!AS:AS) -> 0 | G20: =SUM(E20:F20) -> 0
B21: =SUMIF(RM!B:B,Sum!A21,RM!G:G) -> 0 | C21: =SUMIF(Ampaian!A:A,Sum!A21,Ampaian!G:G) -> 0 | D21: =SUMIF(Ampaian!A:A,Sum!A21,Ampaian!U:U) -> 0 | E21: =SUMIF(Dry!A:A,Sum!A21,Dry!AP:AP) -> 0 | F21: =SUMIF(Dry!A:A,Sum!A21,Dry!AS:AS) -> 0 | G21: =SUM(E21:F21) -> 0

Sheet RM
B1: Batch | C1: Date of Buy RM | D1: Row Labels (Location) | E1: Volume/Gross (Kg) | F1: Avg of DRC RM (%) | G1: Sum of Net (Kg) | H1: Persentase (%)
B2: 27 | C2: 19 Nov - 10 Des 2025 | D2: ACEH BARAT | E2: =G2/F2*100 -> 35728.048 | F2: 53.850475 | G2: 19239.724 | H2: 0.56517828
B3: 27 | C3: 19 Nov - 10 Des 2025 | D3: ACEH JAYA | E3: =G3/F3*100 -> 19043.21 | F3: 53.436842 | G3: 10176.09 | H3: 0.29892868
B4: 27 | C4: 19 Nov - 10 Des 2025 | D4: NAGAN RAYA | E4: =G4/F4*100 -> 7828.0358 | F4: 59.095957 | G4: 4626.0527 | H4: 0.13589304
B5: 28 | C5: 12 - 31 Des 2025 | D5: ACEH BESAR | E5: =G5/F5*100 -> 820 | F5: 53.743248 | G5: 440.69463 | H5: 0.0070391764
B6: 28 | C6: 12 - 31 Des 2025 | D6: ACEH JAYA | E6: =G6/F6*100 -> 31197.987 | F6: 53.923385 | G6: 16823.011 | H6: 0.26871246
B7: 28 | C7: 12 - 31 Des 2025 | D7: BIREUEN | E7: =G7/F7*100 -> 33684.854 | F7: 63.998226 | G7: 21557.709 | H7: 0.34433938
B8: 28 | C8: 12 - 31 Des 2025 | D8: NAGAN RAYA | E8: =G8/F8*100 -> 1210 | F8: 58.369285 | G8: 706.26835 | H8: 0.011281162
B9: 1 | C9: 02 - 07 Jan 2026 | D9: ACEH BARAT | E9: =G9/F9*100 -> 28644.143 | F9: 54.069623 | G9: 15487.78 | H9: 0.45495246
B10: 1 | C10: 02 - 07 Jan 2026 | D10: BIREUEN | E10: =G10/F10*100 -> 17139.438 | F10: 58.966172 | G10: 10106.471 | H10: 0.29687687
B11: 1 | C11: 02 - 07 Jan 2026 | D11: ACEH JAYA | E11: =G11/F11*100 -> 10826.603 | F11: 54.818837 | G11: 5935.0179 | H11: 0.17434074
B12: 1 | C12: 02 - 07 Jan 2026 | D12: BANDA ACEH | E12: =G12/F12*100 -> 2460 | F12: 62.799763 | G12: 1544.8742 | H12: 0.045380571
B13: 1 | C13: 02 - 07 Jan 2026 | D13: NAGAN RAYA | E13: =G13/F13*100 -> 1630 | F13: 59.416658 | G13: 968.49152 | H13: 0.028449371
... B23: 3 | C23: 19 - 23 Jan 2026 | D23: NAGAN RAYA | E23: =G23/F23*100 -> 1670 | F23: 58.944703 | G23: 984.37654 | H23: 0.028115527
A24: Produksi di Wet batch 5 dahulu baru batch 4 | B24: 4 | C24: 23 - 30 Jan 2026 | D24: ACEH BARAT | E24: =G24/F24*100 -> 28953.475 | F24: 53.604587 | G24: 15520.391 | H24: 0.36055738
B25: 4 | C25: 23 - 30 Jan 2026 | D25: BIREUEN | E25: =G25/F25*100 -> 17110.551 | F25: 61.88744 | G25: 10589.282 | H25: 0.24600178
B26: 4 | C26: 23 - 30 Jan 2026 | D26: ACEH JAYA | E26: =G26/F26*100 -> 19101.579 | F26: 54.070865 | G26: 10328.389 | H26: 0.23994091
B27: 4 | C27: 23 - 30 Jan 2026 | D27: ACEH TENGGARA | E27: =G27/F27*100 -> 5610 | F27: 61.496225 | G27: 3449.9382 | H27: 0.080146221
B28: 4 | C28: 23 - 30 Jan 2026 | D28: NAGAN RAYA | E28: =G28/F28*100 -> 2728.333 | F28: 58.157172 | G28: 1586.7213 | H28: 0.036861448
B29: 4 | C29: 23 - 30 Jan 2026 | D29: BANDA ACEH | E29: =G29/F29*100 -> 2560 | F29: 61.360526 | G29: 1570.8295 | H29: 0.036492261
A30: Produksi di Wet batch 5 dahulu baru batch 4 | B30: 5 | C30: 02 - 05 Feb 2026 | D30: ACEH BARAT | E30: =G30/F30*100 -> 37445.071 | F30: 54.642139 | G30: 20460.788 | H30: 0.57663419
B31: 5 | C31: 02 - 05 Feb 2026 | D31: ACEH JAYA | E31: =G31/F31*100 -> 13160.749 | F31: 54.317824 | G31: 7148.6325 | H31: 0.20146565
B32: 5 | C32: 02 - 05 Feb 2026 | D32: BIREUEN | E32: =G32/F32*100 -> 7800 | F32: 62.57586 | G32: 4880.9171 | H32: 0.13755598
B33: 5 | C33: 02 - 05 Feb 2026 | D33: NAGAN RAYA | E33: =G33/F33*100 -> 5118.9598 | F33: 58.464922 | G33: 2992.7959 | H33: 0.084344184
B34: 6 | C34: 06 - 11 Feb 2026 | D34: ACEH BARAT | E34: =G34/F34*100 -> 38596.894 | F34: 53.615965 | G34: 20694.097 | H34: 0.56742607
B35: 6 | C35: 06 - 11 Feb 2026 | D35: ACEH JAYA | E35: =G35/F35*100 -> 10932.298 | F35: 54.454441 | G35: 5953.1218 | H35: 0.16323285
B36: 6 | C36: 06 - 11 Feb 2026 | D36: BANDA ACEH | E36: =G36/F36*100 -> 2447.7779 | F36: 55.212501 | G36: 1351.4794 | H36: 0.037057169
B37: 6 | C37: 06 - 11 Feb 2026 | D37: BIREUEN | E37: =G37/F37*100 -> 7550 | F37: 60.620364 | G37: 4576.8375 | H37: 0.12549554
B38: 6 | C38: 06 - 11 Feb 2026 | D38: NAGAN RAYA | E38: =G38/F38*100 -> 6738.5542 | F38: 57.79555 | G38: 3894.5845 | H38: 0.10678836
B39: 7 | C39: 11 - 16 Feb 2026 | D39: ACEH BARAT | E39: =G39/F39*100 -> 42949.165 | F39: 53.786618 | G39: 23100.904 | H39: 0.63995028
B40: 7 | C40: 11 - 16 Feb 2026 | D40: ACEH JAYA | E40: =G40/F40*100 -> 12521.657 | F40: 55.707542 | G40: 6975.5073 | H40: 0.19323824
B41: 7 | C41: 11 - 16 Feb 2026 | D41: BIREUEN | E41: =G41/F41*100 -> 7580 | F41: 61.692485 | G41: 4676.2903 | H41: 0.12954443
B42: 7 | C42: 11 - 16 Feb 2026 | D42: NAGAN RAYA | E42: =G42/F42*100 -> 2350.1228 | F42: 57.242319 | G42: 1345.2648 | H42: 0.037267052
... B64: 12 | C64: 19 Jun - 06 Jul 2026 | D64: NAGAN RAYA | E64: =G64/F64*100 -> 10547.42 | F64: 58.890104 | G64: 6211.3866 | H64: 0.12712432
A65: Terdeteksi Metal Pada Prosess Wet, dikarenakan bale Metal telah dicampur pada Batch 13 sebanyak 5642 kgs | B65: 13/14 | C65: 06 Jul - 10 Aug 2026 | D65: ACEH BARAT | E65: =G65/F65*100 -> 124186.78 | F65: 53.136895 | G65: 65989 | H65: 0.64772644
B66: 13/14 | C66: 06 Jul - 10 Aug 2026 | D66: ACEH BESAR | E66: =G66/F66*100 -> 2830.1063 | F66: 61.552459 | G66: 1742 | H66: 0.017098366
B67: 13/14 | C67: 06 Jul - 10 Aug 2026 | D67: ACEH JAYA | E67: =G67/F67*100 -> 42756.984 | F67: 54.236753 | G67: 23190 | H67: 0.22763082
B68: 13/14 | C68: 06 Jul - 10 Aug 2026 | D68: ACEH JAYA/ACEH BARAT | E68: =G68/F68*100 -> 5130.6343 | F68: 55.607159 | G68: 2853 | H68: 0.028000825
B69: 13/14 | C69: 06 Jul - 10 Aug 2026 | D69: NAGAN RAYA | E69: =G69/F69*100 -> 14437.981 | F69: 56.129731 | G69: 8104 | H69: 0.079543548
B70: 13/14 | C70: 11 Aug - 18 Aug 2026 | D70: ACEH BARAT | E70: =G70/F70*100 -> 20866.642 | F70: 51.97986 | G70: 10846.451 | H70: 0.39386841
B71: 13/14 | C71: 11 Aug - 18 Aug 2026 | D71: ACEH BARAT/KEBUN | E71: =G71/F71*100 -> 2050 | F71: 52.191213 | G71: 1069.9199 | H71: 0.038852122
B72: 13/14 | C72: 11 Aug - 18 Aug 2026 | D72: ACEH JAYA | E72: =G72/F72*100 -> 21291.081 | F72: 53.089172 | G72: 11303.259 | H72: 0.41045652
B73: 13/14 | C73: 11 Aug - 18 Aug 2026 | D73: NAGAN RAYA | E73: =G73/F73*100 -> 7637.5421 | F73: 56.544779 | G73: 4318.6313 | H73: 0.15682295
B74: 15 | C74: 19 Aug - 30 Sept 2026 | D74: ACEH BARAT | E74: =G74/F74*100 -> 117123.08 | F74: 52.73 | G74: 61759 | H74: 0.58
B75: 15 | C75: 19 Aug - 30 Sept 2026 | D75: ACEH BARAT/BIREUN | E75: =G75/F75*100 -> 2199.7401 | F75: 53.87 | G75: 1185 | H75: 0.01
B76: 15 | C76: 19 Aug - 30 Sept 2026 | D76: ACEH BESAR | E76: =G76/F76*100 -> 2299.4916 | F76: 60.97 | G76: 1402 | H76: 0.01
B77: 15 | C77: 19 Aug - 30 Sept 2026 | D77: ACEH JAYA | E77: =G77/F77*100 -> 62680.452 | F77: 52.23 | G77: 32738 | H77: 0.31
B78: 15 | C78: 19 Aug - 30 Sept 2026 | D78: NAGAN RAYA | E78: =G78/F78*100 -> 15724.774 | F78: 58.57 | G78: 9210 | H78: 0.09

Sheet Wet
A1: Batch | B1: Tanggal Proses Wet | C1: Proses Ke- | D1: SIR | E1: SC | F1: PB | G1: HM | H1: SH.1 | I1: CP8 | J1: Kontaminasi 1 | K1: Kontaminasi 2
A2: 28 | B2: 46011 | C2: 1 | D2: 20 | E2: 141.89 | F2: 97.58 | G2: 42.91 | H2: 18.71 | I2: 15.5 | J2: 548.9 | P2: Standart Ketebalan Cacahan Mesin (mm)
A3: 28 | B3: 46013 | C3: 2 | D3: 20 | E3: 148.03 | F3: 91.21 | G3: 44.34 | H3: 15.9 | I3: 14.1 | P3: SC (Maks 200 mm) | R3: PB (Maks 150 mm) | T3: HM (Maks 100 mm) | V3: SH.1 (5 ± 1 mm) | X3: CP8 (10 ± 2 mm)
A4: 28 | B4: 46020 | C4: 3 | D4: 20 | E4: 105.75 | F4: 91.02 | G4: 28.46 | H4: 13.46 | I4: 15.49 | P4: Min-SC | Q4: Max-SC | R4: Min-PB | S4: Max-PB | T4: Min-HM | U4: Max-HM | V4: Min-SH.1 | W4: Max-SH.1 | X4: Min-CP8 | Y4: Max-CP8
A5: 28 | B5: 46022 | C5: 4 | D5: 20 | E5: 109.61 | F5: 111.44 | G5: 35.33 | H5: 17.95 | I5: 14.68 | P5: 100 | Q5: 200 | R5: 40 | S5: 150 | T5: 20 | U5: 100 | V5: 4 | W5: 6 | X5: 8 | Y5: 12
A6: 28 | B6: 46024 | C6: 5 | D6: 20 | E6: 124.57 | F6: 103.47 | G6: 38.06 | H6: 20.91 | I6: 15.38 | P6: 100 | Q6: 200 | R6: 40 | S6: 150 | T6: 20 | U6: 100 | V6: 4 | W6: 6 | X6: 8 | Y6: 12
A7: 28 | B7: 46025 | C7: 6 | D7: 20 | E7: 119 | F7: 92.67 | G7: 61.09 | H7: 19.27 | I7: 13.45 | P7: 100 | Q7: 200 | R7: 40 | S7: 150 | T7: 20 | U7: 100 | V7: 4 | W7: 6 | X7: 8 | Y7: 12
A8: 1 | B8: 46042 | C8: 7 | D8: 20 | E8: 133.26 | F8: 78.83 | G8: 36.72 | H8: 18.94 | I8: 14.9 | J8: 6.673 | P8: 100 | Q8: 200 | R8: 40 | S8: 150 | T8: 20 | U8: 100 | V8: 4 | W8: 6 | X8: 8 | Y8: 12
A9: 1 | B9: 46043 | C9: 8 | D9: 20 | E9: 138.38 | F9: 73.29 | G9: 40.21 | H9: 16.27 | I9: 16.4 | P9: 100 | Q9: 200 | R9: 40 | S9: 150 | T9: 20 | U9: 100 | V9: 4 | W9: 6 | X9: 8 | Y9: 12
A10: 1 | B10: 46044 | C10: 9 | D10: 20 | E10: 116.16 | F10: 90.27 | G10: 37.4 | H10: 20.5 | I10: 14.69 | P10: 100 | Q10: 200 | R10: 40 | S10: 150 | T10: 20 | U10: 100 | V10: 4 | W10: 6 | X10: 8 | Y10: 12
A11: 2 | B11: 46045 | C11: 10 | D11: 20 | E11: 154.95 | F11: 97.85 | G11: 41.38 | H11: 18.23 | I11: 14.65 | J11: 7.726 | P11: 100 | Q11: 200 | R11: 40 | S11: 150 | T11: 20 | U11: 100 | V11: 4 | W11: 6 | X11: 8 | Y11: 12
A12: 2 | B12: 46046 | C12: 11 | D12: 20 | E12: 113.19 | F12: 89.69 | G12: 53.04 | H12: 18 | I12: 14.8 | P12: 100 | Q12: 200 | R12: 40 | S12: 150 | T12: 20 | U12: 100 | V12: 4 | W12: 6 | X12: 8 | Y12: 12
A13: 2 | B13: 46048 | C13: 12 | D13: 20 | E13: 152.57 | F13: 92.63 | G13: 42.22 | H13: 17.53 | I13: 13.48 | P13: 100 | Q13: 200 | R13: 40 | S13: 150 | T13: 20 | U13: 100 | V13: 4 | W13: 6 | X13: 8 | Y13: 12
A14: 3 | B14: 46049 | C14: 13 | D14: 20 | E14: 147.26 | F14: 97.46 | G14: 51.92 | H14: 29.75 | I14: 14.2 | J14: 10.471 | P14: 100 | Q14: 200 | R14: 40 | S14: 150 | T14: 20 | U14: 100 | V14: 4 | W14: 6 | X14: 8 | Y14: 12
A15: 3 | B15: 46050 | C15: 14 | D15: 20 | E15: 132.36 | F15: 89.25 | G15: 47.19 | H15: 21.59 | I15: 12.98 | P15: 100 | Q15: 200 | R15: 40 | S15: 150 | T15: 20 | U15: 100 | V15: 4 | W15: 6 | X15: 8 | Y15: 12
A16: 5 | B16: 46072 | C16: 15 | D16: 20 | E16: 144.9 | F16: 90.92 | G16: 48.21 | H16: 31.37 | I16: 19.97 | J16: 3.189 | P16: 100 | Q16: 200 | R16: 40 | S16: 150 | T16: 20 | U16: 100 | V16: 4 | W16: 6 | X16: 8 | Y16: 12
A17: 5 | B17: 46076 | C17: 16 | D17: 20 | E17: 152.31 | F17: 89.58 | G17: 57.13 | H17: 20.76 | I17: 17.66 | P17: 100 | Q17: 200 | R17: 40 | S17: 150 | T17: 20 | U17: 100 | V17: 4 | W17: 6 | X17: 8 | Y17: 12
A18: 5 | B18: 46077 | C18: 17 | D18: 20 | E18: 157.95 | F18: 97.36 | G18: 46.69 | H18: 20.7 | I18: 19.2 | P18: 100 | Q18: 200 | R18: 40 | S18: 150 | T18: 20 | U18: 100 | V18: 4 | W18: 6 | X18: 8 | Y18: 12
A19: 5 | B19: 46078 | C19: 18 | D19: 20 | E19: 157.68 | F19: 81.18 | G19: 70.86 | H19: 20.61 | I19: 18.42 | P19: 100 | Q19: 200 | R19: 40 | S19: 150 | T19: 20 | U19: 100 | V19: 4 | W19: 6 | X19: 8 | Y19: 12
A20: 5 | B20: 46079 | C20: 19 | D20: 20 | E20: 164.06 | F20: 90.49 | G20: 42.05 | H20: 29.86 | I20: 20.2 | P20: 100 | Q20: 200 | R20: 40 | S20: 150 | T20: 20 | U20: 100 | V20: 4 | W20: 6 | X20: 8 | Y20: 12
A21: 4 | B21: 46080 | C21: 20 | D21: 20 | E21: 161.51 | F21: 75.09 | G21: 50.14 | H21: 22.59 | I21: 19.46 | J21: 4.7322 | P21: 100 | Q21: 200 | R21: 40 | S21: 150 | T21: 20 | U21: 100 | V21: 4 | W21: 6 | X21: 8 | Y21: 12
A22: 4 | B22: 46081 | C22: 21 | D22: 20 | E22: 171.71 | F22: 96.14 | G22: 42.91 | H22: 28.34 | I22: 18.59 | P22: 100 | Q22: 200 | R22: 40 | S22: 150 | T22: 20 | U22: 100 | V22: 4 | W22: 6 | X22: 8 | Y22: 12
A23: 4 | B23: 46083 | C23: 22 | D23: 20 | E23: 143.71 | F23: 72.3 | G23: 57.59 | H23: 18.26 | I23: 17.74 | P23: 100 | Q23: 200 | R23: 40 | S23: 150 | T23: 20 | U23: 100 | V23: 4 | W23: 6 | X23: 8 | Y23: 12
A24: 4 | B24: 46084 | C24: 23 | D24: 20 | E24: 164.26 | F24: 77.52 | G24: 36.56 | H24: 21.89 | I24: 18.28 | P24: 100 | Q24: 200 | R24: 40 | S24: 150 | T24: 20 | U24: 100 | V24: 4 | W24: 6 | X24: 8 | Y24: 12
A25: 4 | B25: 46085 | C25: 24 | D25: 20 | E25: 159.88 | F25: 79.47 | G25: 46.02 | H25: 19.64 | I25: 17.84 | P25: 100 | Q25: 200 | R25: 40 | S25: 150 | T25: 20 | U25: 100 | V25: 4 | W25: 6 | X25: 8 | Y25: 12
A26: 6 | B26: 46086 | C26: 25 | D26: 20 | E26: 150.21 | F26: 84.69 | G26: 51.2 | H26: 16.65 | I26: 16.7 | J26: 4.942 | P26: 100 | Q26: 200 | R26: 40 | S26: 150 | T26: 20 | U26: 100 | V26: 4 | W26: 6 | X26: 8 | Y26: 12
A27: 6 | B27: 46087 | C27: 26 | D27: 20 | E27: 143.25 | F27: 96.11 | G27: 52.26 | H27: 13.75 | I27: 19.17 | P27: 100 | Q27: 200 | R27: 40 | S27: 150 | T27: 20 | U27: 100 | V27: 4 | W27: 6 | X27: 8 | Y27: 12
A28: 6 | B28: 46090 | C28: 27 | D28: 20 | E28: 122.84 | F28: 84.57 | G28: 46.43 | H28: 15.65 | I28: 15.57 | P28: 100 | Q28: 200 | R28: 40 | S28: 150 | T28: 20 | U28: 100 | V28: 4 | W28: 6 | X28: 8 | Y28: 12
A29: 6 | B29: 46091 | C29: 28 | D29: 20 | E29: 138.4 | F29: 54.11 | G29: 38.58 | H29: 32.03 | I29: 32.77 | P29: 100 | Q29: 200 | R29: 40 | S29: 150 | T29: 20 | U29: 100 | V29: 4 | W29: 6 | X29: 8 | Y29: 12
A30: 7 | B30: 46091 | C30: 29 | D30: 20 | E30: 138.4 | F30: 54.11 | G30: 38.58 | H30: 32.03 | I30: 32.77 | J30: 5.519 | P30: 100 | Q30: 200 | R30: 40 | S30: 150 | T30: 20 | U30: 100 | V30: 4 | W30: 6 | X30: 8 | Y30: 12
A31: 7 | B31: 46092 | C31: 30 | D31: 20 | E31: 129.6 | F31: 88 | G31: 45.9 | H31: 16.43 | I31: 16.63 | P31: 100 | Q31: 200 | R31: 40 | S31: 150 | T31: 20 | U31: 100 | V31: 4 | W31: 6 | X31: 8 | Y31: 12
A32: 7 | B32: 46093 | C32: 31 | D32: 20 | E32: 145.94 | F32: 72.9 | G32: 39.98 | H32: 14.71 | I32: 17.67 | P32: 100 | Q32: 200 | R32: 40 | S32: 150 | T32: 20 | U32: 100 | V32: 4 | W32: 6 | X32: 8 | Y32: 12
A33: 7 | B33: 46094 | C33: 32 | D33: 20 | E33: 130.2 | F33: 78.11 | G33: 47.38 | H33: 16.62 | I33: 17.83 | P33: 100 | Q33: 200 | R33: 40 | S33: 150 | T33: 20 | U33: 100 | V33: 4 | W33: 6 | X33: 8 | Y33: 12
A34: 7 | B34: 46095 | C34: 33 | D34: 20 | E34: 143.8 | F34: 93.55 | G34: 41.95 | H34: 19.92 | I34: 16.18 | P34: 100 | Q34: 200 | R34: 40 | S34: 150 | T34: 20 | U34: 100 | V34: 4 | W34: 6 | X34: 8 | Y34: 12
A35: 8 | B35: 46113 | C35: 34 | D35: 20 | E35: 135.16 | F35: 89.63 | G35: 37.26 | H35: 11.16 | I35: 14.51 | J35: 5.66 | P35: 100 | Q35: 200 | R35: 40 | S35: 150 | T35: 20 | U35: 100 | V35: 4 | W35: 6 | X35: 8 | Y35: 12
A36: 8 | B36: 46114 | C36: 35 | D36: 20 | E36: 103.05 | F36: 94.57 | G36: 50.14 | H36: 10.6 | I36: 15.61 | P36: 100 | Q36: 200 | R36: 40 | S36: 150 | T36: 20 | U36: 100 | V36: 4 | W36: 6 | X36: 8 | Y36: 12
A37: 8 | B37: 46116 | C37: 36 | D37: 20 | E37: 141.93 | F37: 78.12 | G37: 45.68 | H37: 19 | I37: 13.31 | P37: 100 | Q37: 200 | R37: 40 | S37: 150 | T37: 20 | U37: 100 | V37: 4 | W37: 6 | X37: 8 | Y37: 12
A38: 8 | B38: 46118 | C38: 37 | D38: 20 | E38: 125.8 | F38: 76.28 | G38: 41.81 | H38: 10.45 | I38: 14.6 | P38: 100 | Q38: 200 | R38: 40 | S38: 150 | T38: 20 | U38: 100 | V38: 4 | W38: 6 | X38: 8 | Y38: 12
A39: 8 | B39: 46119 | C39: 38 | D39: 20 | E39: 139.42 | F39: 70.29 | G39: 42.41 | H39: 12.17 | I39: 14.78 | P39: 100 | Q39: 200 | R39: 40 | S39: 150 | T39: 20 | U39: 100 | V39: 4 | W39: 6 | X39: 8 | Y39: 12
A40: 8 | B40: 46120 | C40: 39 | D40: 20 | E40: 146.04 | F40: 76.78 | G40: 41.22 | H40: 10.73 | I40: 17.21 | P40: 100 | Q40: 200 | R40: 40 | S40: 150 | T40: 20 | U40: 100 | V40: 4 | W40: 6 | X40: 8 | Y40: 12
A41: 9 | B41: 46155 | C41: 40 | D41: 20 | E41: 131.99 | F41: 83.23 | G41: 41.48 | H41: 16.25 | I41: 15.94 | J41: 3.547 | P41: 100 | Q41: 200 | R41: 40 | S41: 150 | T41: 20 | U41: 100 | V41: 4 | W41: 6 | X41: 8 | Y41: 12
A42: 9 | B42: 46195 | C42: 41 | D42: 20 | E42: 139.96 | F42: 89.48 | G42: 89.48 | H42: 12.18 | I42: 17.39 | P42: 100 | Q42: 200 | R42: 40 | S42: 150 | T42: 20 | U42: 100 | V42: 4 | W42: 6 | X42: 8 | Y42: 12
A43: 9 | B43: 46196 | C43: 42 | D43: 20 | E43: 148.97 | F43: 73.13 | G43: 40.55 | H43: 11.15 | I43: 15.38 | P43: 100 | Q43: 200 | R43: 40 | S43: 150 | T43: 20 | U43: 100 | V43: 4 | W43: 6 | X43: 8 | Y43: 12
A44: 10 | B44: 46196 | C44: 43 | D44: 20 | E44: 148.97 | F44: 73.13 | G44: 40.55 | H44: 11.15 | I44: 15.38 | J44: 7.117 | K44: 5.427 | P44: 100 | Q44: 200 | R44: 40 | S44: 150 | T44: 20 | U44: 100 | V44: 4 | W44: 6 | X44: 8 | Y44: 12
A45: 10 | B45: 46197 | C45: 44 | D45: 20 | E45: 146.735 | F45: 80.68 | G45: 39.42 | H45: 13.68 | I45: 15.65 | P45: 100 | Q45: 200 | R45: 40 | S45: 150 | T45: 20 | U45: 100 | V45: 4 | W45: 6 | X45: 8 | Y45: 12
A46: 10 | B46: 46198 | C46: 45 | D46: 20 | E46: 140.73 | F46: 82.75 | G46: 45.8 | H46: 13.98 | I46: 17.68 | P46: 100 | Q46: 200 | R46: 40 | S46: 150 | T46: 20 | U46: 100 | V46: 4 | W46: 6 | X46: 8 | Y46: 12
A47: 10 | B47: 46199 | C47: 46 | D47: 20 | E47: 152.51 | F47: 80.98 | G47: 31.18 | H47: 10.74 | I47: 14.62 | P47: 100 | Q47: 200 | R47: 40 | S47: 150 | T47: 20 | U47: 100 | V47: 4 | W47: 6 | X47: 8 | Y47: 12
A48: 11 | B48: 46199 | C48: 47 | D48: 20 | E48: 152.51 | F48: 80.98 | G48: 31.18 | H48: 10.74 | I48: 14.62 | J48: 0.73 | K48: 0.21 | P48: 100 | Q48: 200 | R48: 40 | S48: 150 | T48: 20 | U48: 100 | V48: 4 | W48: 6 | X48: 8 | Y48: 12
A49: 11 | B49: 46202 | C49: 48 | D49: 20 | E49: 138.21 | F49: 86.1 | G49: 42.13 | H49: 14.16 | I49: 20.88 | J49: 1.71 | K49: 0.37 | P49: 100 | Q49: 200 | R49: 40 | S49: 150 | T49: 20 | U49: 100 | V49: 4 | W49: 6 | X49: 8 | Y49: 12
A50: 11 | B50: 46203 | C50: 49 | D50: 20 | E50: 144.74 | F50: 82.5 | G50: 38 | H50: 18.43 | I50: 15.13 | J50: 1.42 | K50: 0.26 | P50: 100 | Q50: 200 | R50: 40 | S50: 150 | T50: 20 | U50: 100 | V50: 4 | W50: 6 | X50: 8 | Y50: 12
A51: 11 | B51: 46204 | C51: 50 | D51: 20 | E51: 163 | F51: 84.16 | G51: 39.79 | H51: 15.48 | I51: 16.58 | J51: 1.36 | K51: 0.29 | P51: 100 | Q51: 200 | R51: 40 | S51: 150 | T51: 20 | U51: 100 | V51: 4 | W51: 6 | X51: 8 | Y51: 12
A52: 11 | B52: 46205 | C52: 51 | D52: 20 | E52: 141.44 | F52: 85.66 | G52: 43.69 | H52: 11.74 | I52: 14.88 | J52: 1.58 | K52: 0.47 | P52: 100 | Q52: 200 | R52: 40 | S52: 150 | T52: 20 | U52: 100 | V52: 4 | W52: 6 | X52: 8 | Y52: 12
A53: 11 | B53: 46206 | C53: 52 | D53: 20 | E53: 175.86 | F53: 105.16 | G53: 42.62 | H53: 12.82 | I53: 15.47 | J53: 1.26 | K53: 0.28 | P53: 100 | Q53: 200 | R53: 40 | S53: 150 | T53: 20 | U53: 100 | V53: 4 | W53: 6 | X53: 8 | Y53: 12
A54: 12 | B54: 46209 | C54: 53 | D54: 20 | E54: 131.8675 | F54: 92.9975 | G54: 43.5325 | H54: 15.0025 | I54: 14.56 | J54: 2.322 | K54: 0.342 | P54: 100 | Q54: 200 | R54: 40 | S54: 150 | T54: 20 | U54: 100 | V54: 4 | W54: 6 | X54: 8 | Y54: 12
A55: 12 | B55: 46210 | C55: 54 | D55: 20 | E55: 140.84 | F55: 89.675 | G55: 50.9025 | H55: 13.99 | I55: 17.761429 | J55: 2.214 | K55: 0.36 | P55: 100 | Q55: 200 | R55: 40 | S55: 150 | T55: 20 | U55: 100 | V55: 4 | W55: 6 | X55: 8 | Y55: 12
A56: 12 | B56: 46211 | C56: 55 | D56: 20 | E56: 129.595 | F56: 73.87 | G56: 41.286667 | H56: 18.37 | I56: 13.766 | J56: 0.984 | K56: 0.144 | P56: 100 | Q56: 200 | R56: 40 | S56: 150 | T56: 20 | U56: 100 | V56: 4 | W56: 6 | X56: 8 | Y56: 12
A57: 13/14 | B57: 46245 | C57: 56 | D57: 20 | E57: 124.3125 | F57: 76.275 | G57: 44.0825 | H57: 16.6875 | I57: 14.452 | J57: 0.572 | K57: 0.082 | P57: 100 | Q57: 200 | R57: 40 | S57: 150 | T57: 20 | U57: 100 | V57: 4 | W57: 6 | X57: 8 | Y57: 12
A58: 13/14 | B58: 46246 | C58: 57 | D58: 20 | E58: 146.295 | F58: 78.6575 | G58: 47.4275 | H58: 17.66 | I58: 14.298571 | J58: 0.84 | K58: 0.17 | P58: 100 | Q58: 200 | R58: 40 | S58: 150 | T58: 20 | U58: 100 | V58: 4 | W58: 6 | X58: 8 | Y58: 12
A59: 13/14 | B59: 46247 | C59: 58 | D59: 20 | E59: 157.53 | F59: 79.8 | G59: 46.653333 | H59: 15.703333 | I59: 16.35 | J59: 0.54 | K59: 0.17 | P59: 100 | Q59: 200 | R59: 40 | S59: 150 | T59: 20 | U59: 100 | V59: 4 | W59: 6 | X59: 8 | Y59: 12
A60: 13/14 | B60: 46252 | C60: 59 | D60: 20 | E60: 155.745 | F60: 65.085 | G60: 46.4925 | H60: 14.62 | I60: 12.69 | J60: 0.756 | K60: 0.1 | P60: 100 | Q60: 200 | R60: 40 | S60: 150 | T60: 20 | U60: 100 | V60: 4 | W60: 6 | X60: 8 | Y60: 12
A61: 13/14 | B61: 46253 | C61: 60 | D61: 20 | E61: 158.385 | F61: 70.84 | G61: 41.165 | H61: 16.78 | I61: 14.18875 | J61: 1.25 | K61: 0.18 | P61: 100 | Q61: 200 | R61: 40 | S61: 150 | T61: 20 | U61: 100 | V61: 4 | W61: 6 | X61: 8 | Y61: 12
A62: 13/14 | B62: 46254 | C62: 61 | D62: 20 | E62: 152.28 | F62: 74.033333 | G62: 52.836667 | H62: 17.653333 | I62: 15.455 | J62: 0.214 | K62: 0.032 | P62: 100 | Q62: 200 | R62: 40 | S62: 150 | T62: 20 | U62: 100 | V62: 4 | W62: 6 | X62: 8 | Y62: 12
A63: 13/14 | B63: 46256 | C63: 62 | D63: 20 | E63: 123.8 | F63: 79.005 | G63: 34.55 | H63: 16.07 | I63: 14.9025 | J63: 0.662 | K63: 0.142 | P63: 100 | Q63: 200 | R63: 40 | S63: 150 | T63: 20 | U63: 100 | V63: 4 | W63: 6 | X63: 8 | Y63: 12
A64: 13/14 | B64: 46258 | C64: 63 | D64: 20 | E64: 133.7375 | F64: 72.5775 | G64: 47.8775 | H64: 20.9025 | I64: 15.281667 | J64: 0.966 | K64: 0.126 | P64: 100 | Q64: 200 | R64: 40 | S64: 150 | T64: 20 | U64: 100 | V64: 4 | W64: 6 | X64: 8 | Y64: 12
A65: 13/14 | B65: 46260 | C65: 64 | D65: 20 | E65: 141.4425 | F65: 71.365 | G65: 47.2325 | H65: 20.5725 | I65: 16.595 | J65: 1.702 | K65: 0.18 | P65: 100 | Q65: 200 | R65: 40 | S65: 150 | T65: 20 | U65: 100 | V65: 4 | W65: 6 | X65: 8 | Y65: 12
A66: 13/14 | B66: 46261 | C66: 65 | D66: 20 | E66: 151.505 | F66: 85.2 | G66: 49.8025 | H66: 20.9825 | I66: 17.216667 | J66: 2.288 | K66: 0.25 | P66: 100 | Q66: 200 | R66: 40 | S66: 150 | T66: 20 | U66: 100 | V66: 4 | W66: 6 | X66: 8 | Y66: 12
A67: 13/14 | B67: 46262 | C67: 66 | D67: 20 | E67: 133.08333 | F67: 87.856667 | G67: 47.133333 | H67: 18.836667 | I67: 15.48 | J67: 1.384 | K67: 0.1 | P67: 100 | Q67: 200 | R67: 40 | S67: 150 | T67: 20 | U67: 100 | V67: 4 | W67: 6 | X67: 8 | Y67: 12
A68: 13/14 | B68: 46265 | C68: 67 | D68: 20 | E68: 144.395 | F68: 86.91 | G68: 41.62 | H68: 14.715 | I68: 15.7 | J68: 0.78 | K68: 0.072 | P68: 100 | Q68: 200 | R68: 40 | S68: 150 | T68: 20 | U68: 100 | V68: 4 | W68: 6 | X68: 8 | Y68: 12
A69: 13/14 | B69: 46266 | C69: 68 | D69: 20 | E69: 145.87 | F69: 78.72 | G69: 45.91 | H69: 20.063333 | I69: 14.218 | J69: 1.096 | K69: 0.072 | P69: 100 | Q69: 200 | R69: 40 | S69: 150 | T69: 20 | U69: 100 | V69: 4 | W69: 6 | X69: 8 | Y69: 12
A70: 15 | B70: 46277 | C70: 70 | D70: 10 | E70: 133.01 | F70: 101.56 | G70: 50.355 | H70: 29.62 | I70: 17.596667 | J70: 0.638 | K70: 0.022 | P70: 100 | Q70: 200 | R70: 40 | S70: 150 | T70: 20 | U70: 100 | V70: 4 | W70: 6 | X70: 8 | Y70: 12
A71: 15 | B71: 46277 | C71: 69 | D71: 20 | F71: 101.54 | G71: 43.86 | H71: 24.76 | I71: 17.3 | J71: 0.638 | K71: 0.022 | P71: 100 | Q71: 200 | R71: 40 | S71: 150 | T71: 20 | U71: 100 | V71: 4 | W71: 6 | X71: 8 | Y71: 12
A72: 15 | B72: 46284 | C72: 71 | D72: 20 | E72: 149.66 | F72: 66.375 | G72: 39.315 | H72: 15.09 | I72: 16.326667 | J72: 1.764 | K72: 0.096 | P72: 100 | Q72: 200 | R72: 40 | S72: 150 | T72: 20 | U72: 100 | V72: 4 | W72: 6 | X72: 8 | Y72: 12
A73: 15 | B73: 46294 | C73: 72 | D73: 20 | E73: 139.9075 | F73: 83.4775 | G73: 44.9075 | H73: 19.6025 | I73: 17.681667 | J73: 1.5 | K73: 0.139 | P73: 100 | Q73: 200 | R73: 40 | S73: 150 | T73: 20 | U73: 100 | V73: 4 | W73: 6 | X73: 8 | Y73: 12
A74: 15 | B74: 46295 | C74: 73 | D74: 20 | E74: 147.685 | F74: 80.74 | G74: 40.855 | H74: 16.3575 | I74: 14.248571 | J74: 1.776 | K74: 0.214 | P74: 100 | Q74: 200 | R74: 40 | S74: 150 | T74: 20 | U74: 100 | V74: 4 | W74: 6 | X74: 8 | Y74: 12
A75: 15 | B75: 46296 | C75: 74 | D75: 20 | E75: 144.525 | F75: 87.21 | G75: 41.8475 | H75: 15.97 | I75: 13.398333 | J75: 2.484 | K75: 0.2 | P75: 100 | Q75: 200 | R75: 40 | S75: 150 | T75: 20 | U75: 100 | V75: 4 | W75: 6 | X75: 8 | Y75: 12
A76: 15 | B76: 46297 | C76: 75 | D76: 20 | E76: 148.08667 | F76: 101.24333 | G76: 40.37 | H76: 16.653333 | I76: 12.932857 | J76: 2.491 | K76: 0.226 | P76: 100 | Q76: 200 | R76: 40 | S76: 150 | T76: 20 | U76: 100 | V76: 4 | W76: 6 | X76: 8 | Y76: 12
A77: 15 | B77: 46298 | C77: 76 | D77: 20 | E77: 154.885 | F77: 88.71 | G77: 48.025 | H77: 16.695 | I77: 14.4925 | J77: 1.288 | K77: 0.12 | P77: 100 | Q77: 200 | R77: 40 | S77: 150 | T77: 20 | U77: 100 | V77: 4 | W77: 6 | X77: 8 | Y77: 12
A78: 15 | B78: 46300 | C78: 77 | D78: 20 | E78: 150.465 | F78: 85.115 | G78: 47.185 | H78: 21.065 | I78: 13.261667 | J78: 2.49 | K78: 0.288 | P78: 100 | Q78: 200 | R78: 40 | S78: 150 | T78: 20 | U78: 100 | V78: 4 | W78: 6 | X78: 8 | Y78: 12
A79: 15 | B79: 46301 | C79: 78 | D79: 20 | E79: 145.3175 | F79: 73.0175 | G79: 56.5125 | H79: 22.2825 | I79: 13.91 | J79: 2.57 | K79: 0.299 | P79: 100 | Q79: 200 | R79: 40 | S79: 150 | T79: 20 | U79: 100 | V79: 4 | W79: 6 | X79: 8 | Y79: 12
A80: 15 | B80: 46302 | C80: 79 | D80: 20 | E80: 157.1 | F80: 74.53 | G80: 49.925 | H80: 24.68 | I80: 12.8775 | J80: 0.836 | K80: 0.158 | P80: 100 | Q80: 200 | R80: 40 | S80: 150 | T80: 20 | U80: 100 | V80: 4 | W80: 6 | X80: 8 | Y80: 12
P81: 100 | Q81: 200 | R81: 40 | S81: 150 | T81: 20 | U81: 100 | V81: 4 | W81: 6 | X81: 8 | Y81: 12
P82: 100 | Q82: 200 | R82: 40 | S82: 150 | T82: 20 | U82: 100 | V82: 4 | W82: 6 | X82: 8 | Y82: 12
P83: 100 | Q83: 200 | R83: 40 | S83: 150 | T83: 20 | U83: 100 | V83: 4 | W83: 6 | X83: 8 | Y83: 12
P84: 100 | Q84: 200 | R84: 40 | S84: 150 | T84: 20 | U84: 100 | V84: 4 | W84: 6 | X84: 8 | Y84: 12
P85: 100 | Q85: 200 | R85: 40 | S85: 150 | T85: 20 | U85: 100 | V85: 4 | W85: 6 | X85: 8 | Y85: 12
P86: 100 | Q86: 200 | R86: 40 | S86: 150 | T86: 20 | U86: 100 | V86: 4 | W86: 6 | X86: 8 | Y86: 12
P87: 100 | Q87: 200 | R87: 40 | S87: 150 | T87: 20 | U87: 100 | V87: 4 | W87: 6 | X87: 8 | Y87: 12
P88: 100 | Q88: 200 | R88: 40 | S88: 150 | T88: 20 | U88: 100 | V88: 4 | W88: 6 | X88: 8 | Y88: 12
P89: 100 | Q89: 200 | R89: 40 | S89: 150 | T89: 20 | U89: 100 | V89: 4 | W89: 6 | X89: 8 | Y89: 12
P90: 100 | Q90: 200 | R90: 40 | S90: 150 | T90: 20 | U90: 100 | V90: 4 | W90: 6 | X90: 8 | Y90: 12
P91: 100 | Q91: 200 | R91: 40 | S91: 150 | T91: 20 | U91: 100 | V91: 4 | W91: 6 | X91: 8 | Y91: 12
P92: 100 | Q92: 200 | R92: 40 | S92: 150 | T92: 20 | U92: 100 | V92: 4 | W92: 6 | X92: 8 | Y92: 12
P93: =P5 -> 100 | Q93: 200 | R93: =R5 -> 40 | S93: 150 | T93: =T5 -> 20 | U93: 100 | V93: =V5 -> 4 | W93: =W5 -> 6 | X93: =X5 -> 8 | Y93: =Y5 -> 12
P94: 100 | Q94: 200 | R94: 40 | S94: 150 | T94: 20 | U94: 100 | V94: 4 | W94: 6 | X94: 8 | Y94: 12
P95: =P7 -> 100 | Q95: 200 | R95: =R7 -> 40 | S95: 150 | T95: =T7 -> 20 | U95: 100 | V95: =V7 -> 4 | W95: =W7 -> 6 | X95: =X7 -> 8 | Y95: =Y7 -> 12
P96: 100 | Q96: 200 | R96: 40 | S96: 150 | T96: 20 | U96: 100 | V96: 4 | W96: 6 | X96: 8 | Y96: 12
P97: =P9 -> 100 | Q97: 200 | R97: =R9 -> 40 | S97: 150 | T97: =T9 -> 20 | U97: 100 | V97: =V9 -> 4 | W97: =W9 -> 6 | X97: =X9 -> 8 | Y97: =Y9 -> 12

Sheet Ampaian
A1: Batch | B1: Process ke-n | C1: Grade | D1: Date of Wet Process | E1: Volume/Gross (Kg) | F1: DRC BB (%) | G1: Volume/Net (Kg) | H1: Dirt (%) | I1: Lantai | J1: Block | K1: Kamar | L1: Analysis Date (Day-n) | M1: Total Days | N1: DRC BK (%) | O1: P0 | P1: P30 | Q1: PRI | R1: Dirt (%) | S1: MV | T1: Volume/Gross (Kg) | U1: Volume/Net (Kg)
A2: 28 | B2: 1 | C2: SIR 20 | D2: 46011 | E2: 23708 | F2: 68.643333 | G2: =E2*F2/100 -> 16273.961 | H2: 0.11966667 | I2: 1 | J2: 7 | K2: D,E | L2: 46092 | M2: =L2-D2 -> 81 | N2: 98.226667 | O2: 38.666667 | P2: 31 | Q2: 80.333333 | R2: 0.10433333 | T2: =G2 -> 16273.961 | U2: =T2*N2/100 -> 15985.37
A3: 28 | B3: 2 | C3: SIR 20 | D3: 46013 | E3: 18402 | F3: 76.046667 | G3: =E3*F3/100 -> 13994.108 | H3: 0.10333333 | I3: 1 | J3: 6;5,6 | K3: C,D,E | L3: 46051 | M3: =L3-D3 -> 38 | N3: 95.196667 | O3: 37.333333 | P3: 28.333333 | Q3: 75.666667 | R3: 0.12 | S3: 70.683333 | T3: =G3 -> 13994.108 | U3: =T3*N3/100 -> 13321.924
A4: 28 | B4: 3 | C4: SIR 20 | D4: 46020 | E4: 23481 | F4: 65.54 | G4: =E4*F4/100 -> 15389.447 | H4: 0.117 | I4: 1;2 | J4: 4;1 | K4: D,C;D | L4: 46052 | M4: =L4-D4 -> 32 | N4: 93.706667 | O4: 31.333333 | P4: 22.666667 | Q4: 72.333333 | R4: 0.12133333 | S4: 63 | T4: =G4 -> 15389.447 | U4: =T4*N4/100 -> 14420.938
A5: 28 | B5: 4 | C5: SIR 20 | D5: 46022 | E5: 5274 | F5: 64.49 | G5: =E5*F5/100 -> 3401.2026 | H5: 0.11866667 | I5: 2 | J5: 1 | K5: A | L5: 46053 | M5: =L5-D5 -> 31 | N5: 93.646667 | O5: 39 | P5: 29.666667 | Q5: 76 | R5: 0.122 | S5: 72.833333 | T5: =G5 -> 3401.2026 | U5: =T5*N5/100 -> 3185.1129
A6: 28 | B6: 5 | C6: SIR 20 | D6: 46024 | E6: 15626 | F6: 67.773333 | G6: =E6*F6/100 -> 10590.261 | H6: 0.109 | I6: 2 | J6: 2;3 | K6: A,B;A | L6: 46158 | M6: =L6-D6 -> 134 | T6: =G6 -> 10590.261 | U6: =T6*N6/100 -> 0
A7: 28 | B7: 6 | C7: SIR 20 | D7: 46025 | E7: 6956 | F7: 66.233333 | G7: =E7*F7/100 -> 4607.1907 | H7: 0.12166667 | I7: 3 | J7: 2 | K7: B | L7: 46158 | M7: =L7-D7 -> 133 | T7: =G7 -> 4607.1907 | U7: =T7*N7/100 -> 0
A8: 1 | B8: 7 | C8: SIR 20 | D8: 46042 | E8: 12272 | F8: 67.913333 | G8: =E8*F8/100 -> 8334.3243 | H8: 0.11266667 | I8: 1 | J8: 2 | K8: D,E,C | L8: 46193 | M8: =L8-D8 -> 151 | N8: 98.963333 | O8: 34.666667 | P8: 22 | Q8: 63.466667 | S8: 70.333333 | T8: =G8 -> 8334.3243 | U8: =T8*N8/100 -> 8247.9251
A9: 1 | B9: 8 | C9: SIR 20 | D9: 46043 | E9: 18302 | F9: 70.156667 | G9: =E9*F9/100 -> 12840.073 | H9: 0.10866667 | I9: 1 | J9: 2;1;1 | K9: C;E,D;C | L9: 46158 | M9: =L9-D9 -> 115 | T9: =G9 -> 12840.073 | U9: =T9*N9/100 -> 0
A10: 1 | B10: 9 | C10: SIR 20 | D10: 46044 | E10: 20668 | F10: 68.52 | G10: =E10*F10/100 -> 14161.714 | H10: 0.12033333 | I10: 1 | J10: 1;2-6 | K10: A,B;A | L10: 46158 | M10: =L10-D10 -> 114 | T10: =G10 -> 14161.714 | U10: =T10*N10/100 -> 0
A11: 2 | B11: 10 | C11: SIR 20 | D11: 46045 | E11: 17052 | F11: 71.903333 | G11: =E11*F11/100 -> 12260.956 | H11: 0.11433333 | I11: 1 | J11: 8-10 | K11: A | L11: 46193 | M11: =L11-D11 -> 148 | N11: 98.946667 | O11: 34.666667 | P11: 22 | Q11: 63.433333 | S11: 71.166667 | T11: =G11 -> 12260.956 | U11: =T11*N11/100 -> 12131.808
A12: 2 | B12: 11 | C12: SIR 20 | D12: 46046 | E12: 17006 | F12: 71.943333 | G12: =E12*F12/100 -> 12234.683 | H12: 0.101 | I12: 1 | J12: 10-12;15 | K12: A;E | L12: 46158 | M12: =L12-D12 -> 112 | T12: =G12 -> 12234.683 | U12: =T12*N12/100 -> 0
A13: 2 | B13: 12 | C13: SIR 20 | D13: 46048 | E13: 19912 | F13: 70.643333 | G13: =E13*F13/100 -> 14066.501 | H13: 0.11766667 | I13: 1 | J13: 15;15;14 | K13: E,D;C;E | L13: 46158 | M13: =L13-D13 -> 110 | T13: =G13 -> 14066.501 | U13: =T13*N13/100 -> 0
A14: 3 | B14: 12 | C14: SIR 20 | D14: 46048 | E14: 4082 | F14: 74.223333 | G14: =E14*F14/100 -> 3029.7965 | H14: 0.10666667 | I14: 1 | J14: 13 | K14: E | L14: 46193 | M14: =L14-D14 -> 145 | N14: 98.966667 | O14: 37.333333 | P14: 24.333333 | Q14: 65.266667 | S14: 71.166667 | T14: =G14 -> 3029.7965 | U14: =T14*N14/100 -> 2998.4886
A15: 3 | B15: 13 | C15: SIR 20 | D15: 46049 | E15: 26894 | F15: 70.483333 | G15: =E15*F15/100 -> 18955.788 | H15: 0.10666667 | I15: 1;2 | J15: 13;15 | K15: D,C;A,B | L15: 46158 | M15: =L15-D15 -> 109 | T15: =G15 -> 18955.788 | U15: =T15*N15/100 -> 0
A16: 3 | B16: 14 | C16: SIR 20 | D16: 46050 | E16: 20056 | F16: 72.966667 | G16: =E16*F16/100 -> 14634.195 | H16: 0.10933333 | I16: 2 | J16: 15;14 | K16: D,C,E;D,C | L16: 46158 | M16: =L16-D16 -> 108 | T16: =G16 -> 14634.195 | U16: =T16*N16/100 -> 0
A17: 4 | B17: 20 | C17: SIR 20 | D17: 46080 | E17: 9416 | F17: 73.1 | G17: =E17*F17/100 -> 6883.096 | H17: 0.105 | I17: 2 | J17: 7 | K17: C,D | L17: 46092 | M17: =L17-D17 -> 12 | N17: 88.733333 | R17: 0.122 | T17: =G17 -> 6883.096 | U17: =T17*N17/100 -> 6107.6005
A18: 4 | B18: 21 | C18: SIR 20 | D18: 46081 | E18: 9948 | F18: 73.506667 | G18: =E18*F18/100 -> 7312.4432 | H18: 0.11 | I18: 2 | J18: 7;6 | K18: C;E | L18: 46158 | M18: =L18-D18 -> 77 | N18: 99.16 | O18: 40 | P18: 28.333333 | Q18: 71 | R18: 0.13533333 | S18: 82 | T18: =G18 -> 7312.4432 | U18: =T18*N18/100 -> 7251.0187
A19: 4 | B19: 22 | C19: SIR 20 | D19: 46083 | E19: 12128 | F19: 71.876667 | G19: =E19*F19/100 -> 8717.2021 | H19: 0.11533333 | I19: 2 | J19: 6 | K19: D,C | L19: 46127 | M19: =L19-D19 -> 44 | N19: 97.096667 | O19: 39 | P19: 29.333333 | Q19: 75 | R19: 0.10933333 | S19: 77.333333 | T19: =G19 -> 8717.2021 | U19: =T19*N19/100 -> 8464.1127
A20: 4 | B20: 23 | C20: SIR 20 | D20: 46084 | E20: 12158 | F20: 74.982 | G20: =E20*F20/100 -> 9116.3116 | H20: 0.12233333 | I20: 2 | J20: 5 | K20: E,D | L20: 46127 | M20: =L20-D20 -> 43 | N20: 97.096667 | O20: 39 | P20: 29.333333 | Q20: 75 | R20: 0.10933333 | S20: 77.333333 | T20: =G20 -> 9116.3116 | U20: =T20*N20/100 -> 8851.6346
A21: 4 | B21: 24 | C21: SIR 20 | D21: 46085 | E21: 10038 | F21: 76.866667 | G21: =E21*F21/100 -> 7715.876 | H21: 0.11733333 | I21: 2 | J21: 4 | K21: E,D | L21: 46127 | M21: =L21-D21 -> 42 | N21: 97.096667 | O21: 39 | P21: 29.333333 | Q21: 75 | R21: 0.10933333 | S21: 77.333333 | T21: =G21 -> 7715.876 | U21: =T21*N21/100 -> 7491.8584
A22: 5 | B22: 15 | C22: SIR 20 | D22: 46072 | E22: 3708 | F22: 73.023333 | G22: =E22*F22/100 -> 2707.7052 | H22: 0.115 | I22: 2 | J22: 12 | K22: E | L22: 46158 | M22: =L22-D22 -> 86 | N22: 98.613333 | O22: 43 | P22: 31.666667 | Q22: 73.666667 | R22: 0.116 | S22: 79.833333 | T22: =G22 -> 2707.7052 | U22: =T22*N22/100 -> 2670.1584
A23: 5 | B23: 16 | C23: SIR 20 | D23: 46076 | E23: 10374 | F23: 71.393333 | G23: =E23*F23/100 -> 7406.3444 | H23: 0.105 | I23: 2 | J23: 12 | K23: E,D | L23: 46092 | M23: =L23-D23 -> 16 | N23: 90.616667 | R23: 0.104 | T23: =G23 -> 7406.3444 | U23: =T23*N23/100 -> 6711.3824
A24: 5 | B24: 17 | C24: SIR 20 | D24: 46077 | E24: 15858 | F24: 71.01 | G24: =E24*F24/100 -> 11260.766 | H24: 0.111 | I24: 2 | J24: 12 | K24: C | L24: 46092 | M24: =L24-D24 -> 15 | N24: 89.936667 | R24: 0.10566667 | T24: =G24 -> 11260.766 | U24: =T24*N24/100 -> 10127.557
A25: 5 | B25: 18 | C25: SIR 20 | D25: 46078 | E25: 14402 | F25: 74.656667 | G25: =E25*F25/100 -> 10752.053 | H25: 0.11133333 | I25: 2 | J25: 10 | K25: E,D | L25: 46092 | M25: =L25-D25 -> 14 | N25: 88.536667 | R25: 0.115 | T25: =G25 -> 10752.053 | U25: =T25*N25/100 -> 9519.5094
A26: 5 | B26: 19 | C26: SIR 20 | D26: 46079 | E26: 11430 | F26: 71.606667 | G26: =E26*F26/100 -> 8184.642 | H26: 0.108 | I26: 2 | J26: 9 | K26: E | L26: 46092 | M26: =L26-D26 -> 13 | N26: 91.136667 | R26: 0.106 | T26: =G26 -> 8184.642 | U26: =T26*N26/100 -> 7459.2099
A27: 6 | B27: 24 | C27: SIR 20 | D27: 46085 | E27: 4538 | F27: 72.623333 | G27: =E27*F27/100 -> 3295.6469 | H27: 0.121 | I27: 2 | J27: 2 | K27: D,E | L27: 46128 | M27: =L27-D27 -> 43 | N27: 98.926667 | O27: 39.666667 | P27: 28.333333 | Q27: 71.333333 | R27: 0.11266667 | S27: 79.666667 | T27: =G27 -> 3295.6469 | U27: =T27*N27/100 -> 3260.2736
A28: 6 | B28: 25 | C28: SIR 20 | D28: 46086 | E28: 9020 | F28: 71.123333 | G28: =E28*F28/100 -> 6415.3247 | H28: 0.12166667 | I28: 2 | J28: 2 | K28: D,E,C | L28: 46128 | M28: =L28-D28 -> 42 | N28: 97.243333 | O28: 35.333333 | P28: 26.666667 | Q28: 75.333333 | R28: 0.10833333 | S28: 77.166667 | T28: =G28 -> 6415.3247 | U28: =T28*N28/100 -> 6238.4756
A29: 6 | B29: 26 | C29: SIR 20 | D29: 46087 | E29: 15316 | F29: 72.463333 | G29: =E29*F29/100 -> 11098.484 | H29: 0.13233333 | I29: 2 | J29: 2;5;6 | K29: C,D;B,A;A,B | L29: 46128 | M29: =L29-D29 -> 41 | N29: 97.106667 | O29: 38.333333 | P29: 28.666667 | Q29: 74.666667 | R29: 0.11133333 | S29: 78.166667 | T29: =G29 -> 11098.484 | U29: =T29*N29/100 -> 10777.368
A30: 6 | B30: 27 | C30: SIR 20 | D30: 46090 | E30: 16102 | F30: 70.64 | G30: =E30*F30/100 -> 11374.453 | H30: 0.11866667 | I30: 2 | J30: 6;7 | K30: A,B | L30: 46128 | M30: =L30-D30 -> 38 | N30: 96.496667 | O30: 38.333333 | P30: 29 | Q30: 75.333333 | R30: 0.10833333 | S30: 77.333333 | T30: =G30 -> 11374.453 | U30: =T30*N30/100 -> 10975.968
A31: 6 | B31: 28 | C31: SIR 20 | D31: 46091 | E31: 6926 | F31: 74.016667 | G31: =E31*F31/100 -> 5126.3943 | H31: 0.11566667 | I31: 2 | J31: 7;8 | K31: A,B;B,A | L31: 46132 | M31: =L31-D31 -> 41 | N31: 97.293333 | O31: 38.333333 | P31: 29 | Q31: 75.666667 | R31: 0.111 | S31: 311.33333 | T31: =G31 -> 5126.3943 | U31: =T31*N31/100 -> 4987.6399
A32: 7 | B32: 29 | C32: SIR 20 | D32: 46091 | E32: 6088 | F32: 74.123333 | G32: =E32*F32/100 -> 4512.6285 | H32: 0.11766667 | I32: 2 | J32: 10 | K32: A | L32: 46158 | M32: =L32-D32 -> 67 | N32: 98.723333 | O32: 44.666667 | P32: 32.333333 | Q32: 72.333333 | S32: 84.666667 | T32: =G32 -> 4512.6285 | U32: =T32*N32/100 -> 4455.0173
A33: 7 | B33: 30 | C33: SIR 20 | D33: 46092 | E33: 12468 | F33: 73.646667 | G33: =E33*F33/100 -> 9182.2664 | H33: 0.11033333 | I33: 2 | J33: 10;11 | K33: A,B;A | L33: 46127 | M33: =L33-D33 -> 35 | N33: 96.953333 | O33: 39.333333 | P33: 29 | Q33: 73.666667 | R33: 0.106 | S33: 77 | T33: =G33 -> 9182.2664 | U33: =T33*N33/100 -> 8902.5134
A34: 7 | B34: 31 | C34: SIR 20 | D34: 46093 | E34: 13328 | F34: 72.226667 | G34: =E34*F34/100 -> 9626.3701 | I34: 2 | J34: 10;11 | K34: A,B;A | L34: 46127 | M34: =L34-D34 -> 34 | N34: 96.84 | O34: 39.666667 | P34: 29.333333 | Q34: 74 | R34: 0.115 | S34: 76.666667 | T34: =G34 -> 9626.3701 | U34: =T34*N34/100 -> 9322.1768
A35: 7 | B35: 32 | C35: SIR 20 | D35: 46094 | E35: 14370 | F35: 72.096667 | G35: =E35*F35/100 -> 10360.291 | H35: 0.10566667 | I35: 2 | J35: 12;13 | K35: A,B;A | L35: 46127 | M35: =L35-D35 -> 33 | N35: 96.84 | O35: 39.666667 | P35: 29.333333 | Q35: 74 | R35: 0.115 | S35: 76.666667 | T35: =G35 -> 10360.291 | U35: =T35*N35/100 -> 10032.906
A36: 7 | B36: 33 | C36: SIR 20 | D36: 46095 | E36: 5304 | F36: 73.813333 | G36: =E36*F36/100 -> 3915.0592 | H36: 0.12066667 | I36: 2 | J36: 13 | K36: B | L36: 46127 | M36: =L36-D36 -> 32 | N36: 96.93 | O36: 38.666667 | P36: 28.333333 | Q36: 73.333333 | R36: 0.106 | S36: 77.333333 | T36: =G36 -> 3915.0592 | U36: =T36*N36/100 -> 3794.8669
A37: 8 | B37: 34 | C37: SIR 20 | D37: 46113 | E37: 2291 | F37: 72.906667 | G37: =E37*F37/100 -> 1670.2917 | H37: 0.13466667 | I37: 1 | J37: 12 | K37: E | L37: 46158 | M37: =L37-D37 -> 45 | N37: 97.706667 | O37: 42.666667 | P37: 30.666667 | Q37: 72 | S37: 81.5 | T37: =G37 -> 1670.2917 | U37: =T37*N37/100 -> 1631.9864
A38: 8 | B38: 35 | C38: SIR 20 | D38: 46114 | E38: 17316 | F38: 73.25 | G38: =E38*F38/100 -> 12683.97 | H38: 0.102 | I38: 1 | J38: 12 | K38: D,C;E,D | L38: 46129 | M38: =L38-D38 -> 15 | N38: 87.87 | O38: 30.333333 | P38: 21.666667 | Q38: 71.333333 | R38: 0.11533333 | S38: 71.333333 | T38: =G38 -> 12683.97 | U38: =T38*N38/100 -> 11145.404
A39: 8 | B39: 36 | C39: SIR 20 | D39: 46116 | E39: 11557 | F39: 69.753333 | G39: =E39*F39/100 -> 8061.3927 | H39: 0.108 | I39: 1 | J39: 11;10 | K39: D,C;E,D | L39: 46132 | M39: =L39-D39 -> 16 | N39: 92.18 | O39: 38 | P39: 30.666667 | Q39: 80.666667 | R39: 0.11133333 | S39: 69.5 | T39: =G39 -> 8061.3927 | U39: =T39*N39/100 -> 7430.9918
A40: 8 | B40: 37 | C40: SIR 20 | D40: 46118 | E40: 26278 | F40: 69.45 | G40: =E40*F40/100 -> 18250.071 | H40: 0.118 | I40: 1 | J40: 10;9 | K40: D,C;E | L40: 46132 | M40: =L40-D40 -> 14 | N40: 91.31 | O40: 36.666667 | P40: 28.666667 | Q40: 78 | R40: 0.11233333 | S40: 68 | T40: =G40 -> 18250.071 | U40: =T40*N40/100 -> 16664.14
A41: 8 | B41: 38 | C41: SIR 20 | D41: 46119 | E41: 13120 | F41: 76.21 | G41: =E41*F41/100 -> 9998.752 | H41: 0.126 | I41: 3 | J41: 1 | K41: A,B,C | L41: 46133 | M41: =L41-D41 -> 14 | N41: 92.44 | O41: 36.666667 | P41: 28.333333 | Q41: 77 | R41: 0.11166667 | S41: 72.166667 | T41: =G41 -> 9998.752 | U41: =T41*N41/100 -> 9242.8463
A42: 8 | B42: 39 | C42: SIR 20 | D42: 46120 | E42: 11403 | F42: 77.203333 | G42: =E42*F42/100 -> 8803.4961 | I42: 3 | J42: 1 | K42: E,D | L42: 46134 | M42: =L42-D42 -> 14 | N42: 92.326667 | O42: 37 | P42: 28.333333 | Q42: 76.333333 | R42: 0.11166667 | S42: 71.166667 | T42: =G42 -> 8803.4961 | U42: =T42*N42/100 -> 8127.9745
A43: 9 | B43: 40 | C43: SIR 20 | D43: 46155 | E43: 13836 | F43: 75.813333 | G43: =E43*F43/100 -> 10489.533 | H43: 0.10366667 | I43: 1 | J43: 8 | K43: E,D | L43: 46175 | M43: =L43-D43 -> 20 | N43: 94.18 | O43: 36.666667 | P43: 27.333333 | Q43: 74.6 | R43: 0.10866667 | S43: 70.333333 | T43: =G43 -> 10489.533 | U43: =T43*N43/100 -> 9879.042
A44: 9 | B44: 41 | C44: SIR 20 | D44: 46195 | E44: 18442 | F44: 73.496667 | G44: =E44*F44/100 -> 13554.255 | H44: 0.10266667 | I44: 2 | J44: 8 | K44: D | L44: 46209 | M44: =L44-D44 -> 14 | N44: 93.324888 | O44: 37.333333 | P44: 28 | Q44: 75 | R44: 0.10666667 | S44: 70.833333 | T44: =G44 -> 13554.255 | U44: =T44*N44/100 -> 12649.493
A45: 9 | B45: 42 | C45: SIR 20 | D45: 46196 | E45: 18289 | F45: 71.44 | G45: =E45*F45/100 -> 13065.662 | H45: 0.10633333 | I45: 3 | J45: 8 | K45: E | L45: 46210 | M45: =L45-D45 -> 14 | N45: 92.482488 | O45: 38.333333 | P45: 29.666667 | Q45: 77.333333 | R45: 0.10466667 | S45: 73.666667 | T45: =G45 -> 13065.662 | U45: =T45*N45/100 -> 12083.449
A46: 10 | B46: 43 | C46: SIR 20 | D46: 46196 | E46: 1730 | F46: 71.813333 | G46: =E46*F46/100 -> 1242.3707 | H46: 0.11033333 | I46: 1 | J46: 7 | K46: E | L46: 46211 | M46: =L46-D46 -> 15 | N46: 90.512841 | O46: 38.333333 | P46: 28 | Q46: 73.333333 | R46: 0.064 | S46: 67.666667 | T46: =G46 -> 1242.3707 | U46: =T46*N46/100 -> 1124.505
A47: 10 | B47: 44 | C47: SIR 20 | D47: 46197 | E47: 18361 | F47: 71.113333 | G47: =E47*F47/100 -> 13057.119 | H47: 0.11466667 | I47: 1 | J47: 7 | K47: D,C | L47: 46211 | M47: =L47-D47 -> 14 | N47: 91.426066 | O47: 38.416667 | P47: 28 | Q47: 73 | R47: 0.070583333 | S47: 70.541667 | T47: =G47 -> 13057.119 | U47: =T47*N47/100 -> 11937.61
A48: 10 | B48: 45 | C48: SIR 20 | D48: 46198 | E48: 19375.5 | F48: 71.313333 | G48: =E48*F48/100 -> 13817.315 | H48: 0.116 | I48: 2 | J48: 7 | K48: E | L48: 46212 | M48: =L48-D48 -> 14 | N48: 92.556377 | O48: 38.666667 | P48: 29.666667 | Q48: 76.666667 | R48: 0.081666667 | S48: 73.833333 | T48: =G48 -> 13817.315 | U48: =T48*N48/100 -> 12788.806
A49: 10 | B49: 46 | C49: SIR 20 | D49: 46199 | E49: 8070 | F49: 73.01 | G49: =E49*F49/100 -> 5891.907 | H49: 0.11966667 | I49: 2 | J49: 7 | K49: D | L49: 46213 | M49: =L49-D49 -> 14 | N49: 92.122204 | O49: 38.333333 | P49: 26.333333 | Q49: 68.666667 | R49: 0.072666667 | S49: 73 | T49: =G49 -> 5891.907 | U49: =T49*N49/100 -> 5427.7546
A50: 11 | B50: 47 | C50: SIR 20 | D50: 46199 | E50: 8141 | F50: 73.723333 | G50: =E50*F50/100 -> 6001.8166 | H50: 0.115 | I50: 1 | J50: 6 | K50: E | L50: 46213 | M50: =L50-D50 -> 14 | N50: 88.077171 | O50: 37.333333 | P50: 27.666667 | Q50: 74 | R50: 0.066666667 | S50: 65.333333 | T50: =G50 -> 6001.8166 | U50: =T50*N50/100 -> 5286.2302
A51: 11 | B51: 48 | C51: SIR 20 | D51: 46202 | E51: 25206 | F51: 73.05 | G51: =E51*F51/100 -> 18412.983 | H51: 0.10133333 | I51: 1 | J51: 6 | K51: D | L51: 46217 | M51: =L51-D51 -> 15 | N51: 89.202293 | O51: 36.666667 | P51: 27.666667 | Q51: 75.666667 | R51: 0.093 | S51: 65.833333 | T51: =G51 -> 18412.983 | U51: =T51*N51/100 -> 16424.803
A52: 11 | B52: 49 | C52: SIR 20 | D52: 46203 | E52: 17975.5 | F52: 71.3 | G52: =E52*F52/100 -> 12816.531 | I52: 2 | J52: 6 | K52: E | L52: 46217 | M52: =L52-D52 -> 14 | N52: 89.567191 | O52: 34.666667 | P52: 27.666667 | Q52: 78.666667 | R52: 0.076333333 | S52: 65.5 | T52: =G52 -> 12816.531 | U52: =T52*N52/100 -> 11479.407
A53: 11 | B53: 50 | C53: SIR 20 | D53: 46204 | E53: 12776.5 | F53: 71.13 | G53: =E53*F53/100 -> 9087.9244 | H53: 0.11 | I53: 2 | J53: 5 | K53: D | L53: 46218 | M53: =L53-D53 -> 14 | N53: 90.385796 | O53: 37 | P53: 27.666667 | Q53: 74.666667 | R53: 0.07 | S53: 66.833333 | T53: =G53 -> 9087.9244 | U53: =T53*N53/100 -> 8214.1928
A54: 11 | B54: 51 | C54: SIR 20 | D54: 46205 | E54: 21619.5 | F54: 70.05 | G54: =E54*F54/100 -> 15144.46 | H54: 0.108 | I54: 2-3 | J54: 6 | K54: C,;E-D | L54: 46219 | M54: =L54-D54 -> 14 | N54: 89.660443 | O54: 38.666667 | P54: 30.333333 | Q54: 78.333333 | R54: 0.049333333 | S54: 74.166667 | T54: =G54 -> 15144.46 | U54: =T54*N54/100 -> 13578.59
A55: 11 | B55: 52 | C55: SIR 20 | D55: 46206 | E55: =130275+(1792/2) -> 131171 | F55: 68.24 | G55: =E55*F55/100 -> 89511.09 | H55: 0.099 | I55: 3 | J55: 6-5 | K55: C;E-D | L55: 46220 | M55: =L55-D55 -> 14 | N55: 88.529506 | O55: 36.333333 | P55: 27.666667 | Q55: 76 | R55: 0.056333333 | S55: 67.166667 | T55: =G55 -> 89511.09 | U55: =T55*N55/100 -> 79243.726
A56: 12 | B56: 53 | C56: SIR 20 | D56: 46206 | E56: =3055.6+(1792/2) -> 3951.6 | F56: 67.95 | G56: =E56*F56/100 -> 2685.1122 | H56: 0.097 | I56: 1 | J56: 4 | K56: E | L56: 46221 | M56: =L56-D56 -> 15 | N56: 86.152024 | O56: 38 | P56: 31 | Q56: 81.517094 | R56: 0.062666667 | S56: 70 | T56: =G56 -> 2685.1122 | U56: =T56*N56/100 -> 2313.2785
A57: 12 | B57: 54 | C57: SIR 20 | D57: 46209 | E57: 25246 | F57: 70.33 | G57: =E57*F57/100 -> 17755.512 | H57: 0.103 | I57: 1 | J57: 4-3 | K57: D,C;E,D | L57: 46223 | M57: =L57-D57 -> 14 | N57: 85.939238 | O57: 39.333333 | P57: 31.666667 | Q57: 80.333333 | R57: 0.036 | S57: 67.833333 | T57: =G57 -> 17755.512 | U57: =T57*N57/100 -> 15258.952
A58: 12 | B58: 54 | C58: SIR 20 | D58: 46210 | E58: 26581 | F58: 71.83 | G58: =E58*F58/100 -> 19093.132 | H58: 0.118 | I58: 1;1;2 | J58: 3;4;4 | K58: D-B;B;E | L58: 46224 | M58: =L58-D58 -> 14 | N58: 87.219673 | O58: 39 | P58: 32.333333 | Q58: 83 | R58: 0.079 | S58: 74.5 | T58: =G58 -> 19093.132 | U58: =T58*N58/100 -> 16652.968
A59: 12 | B59: 55 | C59: SIR 20 | D59: 46211 | E59: 16673 | F59: 70.28 | G59: =E59*F59/100 -> 11717.784 | H59: 0.097 | I59: 2 | J59: 4;3 | K59: D-B;3 | L59: 46225 | M59: =L59-D59 -> 14 | N59: 89.021141 | O59: 36.333333 | P59: 28.666667 | Q59: 79 | R59: 0.039 | S59: 75.833333 | T59: =G59 -> 11717.784 | U59: =T59*N59/100 -> 10431.305
A60: 13-14 | B60: 56 | C60: SIR 20 | D60: 46245 | E60: 10669 | F60: 73.01 | G60: =E60*F60/100 -> 7789.4369 | H60: 0.092666667 | I60: 1 | J60: 2 | K60: A | L60: 46262 | M60: =L60-D60 -> 17 | N60: 92.252424 | O60: 35.333333 | P60: 27.333333 | Q60: 77 | R60: 0.050666667 | S60: 66.333333 | T60: =G60 -> 7789.4369 | U60: =T60*N60/100 -> 7185.9443
A61: 13-14 | B61: 57 | C61: SIR 20 | D61: 46246 | E61: 21575 | F61: 72.57 | G61: =E61*F61/100 -> 15656.977 | H61: 0.037666667 | I61: 1 | J61: 2 | K61: B;C,D | L61: 46262 | M61: =L61-D61 -> 16 | N61: 89.791512 | O61: 34.666667 | P61: 28 | Q61: 80.666667 | R61: 0.068666667 | S61: 70.333333 | T61: =G61 -> 15656.977 | U61: =T61*N61/100 -> 14058.637
A62: 13-14 | B62: 58 | C62: SIR 20 | D62: 46247 | E62: 20735 | F62: 73.19 | G62: =E62*F62/100 -> 15175.946 | H62: 0.041 | I62: 1 | J62: 2 | K62: E;E,D | L62: 46262 | M62: =L62-D62 -> 15 | N62: 88.357862 | O62: 35 | P62: 28 | Q62: 80 | R62: 0.055 | S62: 66.8 | T62: =G62 -> 15175.946 | U62: =T62*N62/100 -> 13409.142
A63: 13-14 | B63: 59 | C63: SIR 20 | D63: 46252 | E63: 17545 | F63: 73.36 | G63: =E63*F63/100 -> 12871.012 | H63: 0.049333333 | I63: 2 | J63: 2 | K63: B, C; A | L63: 46267 | M63: =L63-D63 -> 15 | N63: 89.86 | O63: 35.666667 | P63: 28 | Q63: 79 | R63: 0.086333333 | S63: 71.166667 | T63: =G63 -> 12871.012 | U63: =T63*N63/100 -> 11565.891
A64: 13-14 | B64: 60 | C64: SIR 20 | D64: 46253 | E64: 19462 | F64: 72.74 | G64: =E64*F64/100 -> 14156.659 | H64: 0.081333333 | I64: 3 | J64: 2 | K64: E, D, C, B | L64: 46267 | M64: =L64-D64 -> 14 | N64: 87.863616 | O64: 33 | P64: 27 | Q64: 81.666667 | R64: 0.077666667 | S64: 67 | T64: =G64 -> 14156.659 | U64: =T64*N64/100 -> 12438.552
A65: 13-14 | B65: 61 | C65: SIR 20 | D65: 46254 | E65: 3218 | F65: 72.43 | G65: =E65*F65/100 -> 2330.7974 | H65: 0.054333333 | I65: 3 | J65: 2 | K65: A, B | L65: 46290 | M65: =L65-D65 -> 36 | N65: 94.989488 | O65: 39 | P65: 31.333333 | Q65: 80 | R65: 0.042333333 | S65: 68.666667 | T65: =G65 -> 2330.7974 | U65: =T65*N65/100 -> 2214.0125
A66: 13-14 | B66: 62 | C66: SIR 20 | D66: 46256 | E66: 11252 | F66: 73.83 | G66: =E66*F66/100 -> 8307.3516 | H66: 0.085 | I66: 3; 1 | J66: 2; 3 | K66: A | L66: 46272 | M66: =L66-D66 -> 16 | N66: 90.361756 | O66: 35 | P66: 27.666667 | Q66: 79 | R66: 0.083666667 | S66: 66
A67: 13-14 | B67: 63 | C67: SIR 20 | D67: 46258 | E67: 18325 | F67: 74.52 | G67: =E67*F67/100 -> 13655.79 | H67: 0.052 | I67: 1 | J67: 3; 4; 5 | K67: A | L67: 46274 | M67: =L67-D67 -> 16 | N67: 89.501026 | O67: 39.333333 | P67: 30.666667 | Q67: 78 | R67: 0.093 | S67: 68.666667
A68: 13-14 | B68: 64 | C68: SIR 20 | D68: 46260 | E68: 20892 | F68: 72.62 | G68: =E68*F68/100 -> 15171.77 | H68: 0.058666667 | I68: 1; 2 | J68: 5; 3; 4 | K68: A | L68: 46274 | M68: =L68-D68 -> 14 | N68: 87.545962 | O68: 40.333333 | P68: 31.666667 | Q68: 78.333333 | R68: 0.059333333 | S68: 74
A69: 13-14 | B69: 65 | C69: SIR 20 | D69: 46261 | E69: 21075 | F69: 72.62 | G69: =E69*F69/100 -> 15304.665 | H69: 0.091 | I69: 2; 3 | J69: 5; 3; 4 | K69: A | L69: 46275 | M69: =L69-D69 -> 14 | N69: 86.692927 | O69: 40.333333 | P69: 31.666667 | Q69: 78.333333 | R69: 0.057666667 | S69: 63.166667
A70: 13-14 | B70: 66 | C70: SIR 20 | D70: 46262 | E70: 13231 | F70: 71.084488 | G70: =E70*F70/100 -> 9405.1886 | H70: 0.063666667 | I70: 3; 1 | J70: 5; 6 | K70: A | L70: 46276 | M70: =L70-D70 -> 14 | N70: 87.436732 | O70: 41.666667 | P70: 34.333333 | Q70: 82.333333 | R70: 0.06 | S70: 68.833333
A71: 13-14 | B71: 67 | C71: SIR 20 | D71: 46265 | E71: 7526 | F71: 69.840167 | G71: =E71*F71/100 -> 5256.171 | H71: 0.045 | I71: 1; 2 | J71: 6 | K71: A | L71: 46290 | M71: =L71-D71 -> 25 | N71: 94.337662 | O71: 40.666667 | P71: 33 | Q71: 81 | R71: 0.046666667 | S71: 71.333333
A72: 13-14 | B72: 68 | C72: SIR 20 | D72: 46266 | E72: 11366 | F72: 70.62 | G72: =E72*F72/100 -> 8026.6692 | H72: 0.064333333 | I72: 2 | J72: 6 | K72: A | L72: 46280 | M72: =L72-D72 -> 14 | N72: 85.929323 | O72: 39 | P72: 31.666667 | Q72: 81 | R72: 0.036333333 | S72: 67
A73: 15 | B73: 69 | C73: SIR 10 | D73: 46277 | E73: 5677 | F73: 75.506285 | H73: 0.033 | I73: 1 | J73: 8 | K73: A | L73: 46294 | M73: =L73-D73 -> 17 | N73: 90.924822 | O73: 42.666667 | P73: 35.666667 | Q73: 83.666667 | R73: 0.045333333 | S73: 76
A74: 15 | B74: 70 | C74: SIR 20 | D74: 46277 | E74: 2785 | F74: 72.589929 | H74: 0.053 | I74: 1 | J74: 8 | K74: E | L74: 46294 | M74: =L74-D74 -> 17 | N74: 86.317147 | O74: 36.666667 | P74: 30.333333 | Q74: 83 | R74: 0.049 | S74: 63.333333
A75: 15 | B75: 71 | C75: SIR 20 | D75: 46284 | E75: 6803 | F75: 70.853036 | H75: 0.082333333 | I75: 1 | J75: 8 | K75: D | L75: 46305 | M75: =L75-D75 -> 21 | N75: 89.02738 | O75: 37 | P75: 31 | Q75: 84 | R75: 0.03 | S75: 71.333333
A76: 15 | B76: 72 | C76: SIR 20 | D76: 46294 | F76: 74.95 | H76: 0.052666667 | I76: 1 | J76: 8 | K76: C | L76: 46308 | M76: =L76-D76 -> 14 | N76: 90.409642 | O76: 28.333333 | P76: 14.666667 | Q76: 75.333333 | R76: 0.043 | S76: 44.666667
A77: 15 | B77: 73 | C77: SIR 20 | D77: 46295 | F77: 70.43 | H77: 0.049666667 | I77: 2 | J77: 8 | K77: E

Sheet Dry
A1: Batch | B1: Process ke-n | C1: Date of Production | D1: Lantai | E1: Block | F1: Kamar | G1: Left - Blanket Kering (CP8) | H1: Middle - Blanket Kering (CP8) | I1: Right - Blanket Kering (CP8) | J1: Average (10mm ± 2mm) - Blanket Kering (CP8) | K1: Date DRC Wet | L1: % DRC Wet | M1: Date DRC Dry | N1: % DRC Dry | O1: P0 | P1: PRI | Q1: MV | R1: Dirt | S1: Hanging Days | T1: SHREDDER 2 SIZE (5mm ± 1mm) | U1: TROLLEY SIZE (cm) | V1: Drayer A - Burner1 | W1: Drayer A - Burner2 | X1: Drayer A - Cycle | Y1: Drayer A - P0 | Z1: Drayer A - PRI | AA1: Drayer A - MV | AB1: Drayer B - Burner1 | AC1: Drayer B - Burner2 | AD1: Drayer B - Cycle | AE1: Drayer B - P0 | AF1: Drayer B - PRI | AG1: Drayer B - MV | AH1: Temp. Biscuit (Max. 50°C) | AI1: Tinggi Bale A | AJ1: Tinggi Bale B | AK1: Tinggi Bale C | AL1: Temp. Bale (Max. 50°C) | AM1: Weight Contamination (g) | AN1: Type Contamination | AO1: Produk Sesuai (Bale) | AP1: Produk Sesuai (Kgs) | AQ1: Produk Sesuai (Pallet) | AR1: Produk Tidak Sesuai (Bale) | AS1: Produk Tidak Sesuai (Kgs) | AT1: Produk Tidak Sesuai (Pallet) | AU1: Total Produk (Bale) | AV1: Total Produk (Kgs) | AW1: Total Produk (Pallet) | AX1: Pallet No. (Awal) | AY1: - | AZ1: Pallet No. (Akhir) | BA1: Grade
A2: 27 | B2: 1 | C2: 46142 | D2: 1 | E2: 9 | F2: C,D | G2: 17.5 | H2: 11.5 | I2: 13.96 | J2: =AVERAGE(G2:I2) -> 14.32 | K2: 46010 | L2: 70.39 | M2: 46142 | N2: 94.84 | O2: 41 | P2: 82 | Q2: 77.5 | R2: 0.12 | S2: =M2-K2 -> 132 | T2: 11.38 | U2: 37.5 | V2: 100.66 | W2: 66 | X2: 7 | Y2: 39.5 | Z2: 74.25 | AA2: 75.37 | AH2: 55.875 | AO2: 2 | AP2: =AO2*35 -> 70 | AQ2: =AP2/1260 -> 0.055555556 | AR2: 24 | AS2: =AR2*35 -> 840 | AT2: =AS2/1260 -> 0.66666667 | AU2: =AO2+AR2 -> 26 | AV2: =AP2+AS2 -> 910 | AW2: =AQ2+AT2 -> 0.72222222 | AX2: 1 | AY2: - | AZ2: 2 | BA2: SIR 20
A3: 27 | B3: 2 | C3: 46144 | AK3: √ | AL3: 34.2 | AM3: 8.8 | AN3: Kayu. | BA3: SIR 20
A4: 27 | B4: 3 | C4: 46146 | D4: 1 | E4: 8 | F4: E | G4: 14.13 | H4: 10.83 | I4: 17.1 | J4: =AVERAGE(G4:I4) -> 14.02 | K4: 46008 | L4: 73.12 | M4: 46146 | N4: 98.77 | O4: 41 | P4: 82 | Q4: 77.5 | R4: 0.12 | S4: =M4-K4 -> 138 | T4: 10.955 | U4: 37.5 | AX4: 2 | AY4: - | AZ4: 2 | BA4: SIR 20
A5: 27 | B5: 4 | C5: 46147 | Y5: 30.8 | Z5: 71 | AA5: 74.1 | AB5: 110.75 | AC5: 72.5 | AD5: 7 | AE5: 38 | AF5: 69.5 | AG5: 72.25 | AI5: √ | AJ5: √ | AL5: 48.23 | AM5: 50 | AN5: Plastik | AO5: 0 | AP5: =AO5*35 -> 0 | AQ5: =AP5/1260 -> 0 | AR5: 77 | AS5: =AR5*35 -> 2695 | AT5: =AS5/1260 -> 2.1388889 | AU5: =AO5+AR5 -> 77 | AV5: =AP5+AS5 -> 2695 | AW5: =AQ5+AT5 -> 2.1388889 | AX5: 3 | AY5: - | AZ5: 4 | BA5: SIR 20
A6: 27 | B6: 5 | C6: 46148 | D6: 1 | E6: 8;7 | F6: E;C,D | G6: 14.52 | H6: 15.29 | I6: 12.97 | J6: =AVERAGE(G6:I6) -> 14.26 | K6: 46008 | L6: 73.12 | M6: 46147 | N6: 98.77 | S6: =M6-K6 -> 139 | T6: 10.535 | U6: 38 | V6: 115 | W6: 47 | X6: 7 | BA6: SIR 20
A7: 27 | B7: 6 | C7: 46149 | V7: 101 | W7: 113 | X7: 7 | Y7: 35.5 | Z7: 70 | AA7: 71.5 | AE7: 36 | AF7: 72.33 | AG7: 71.58 | AH7: 100.66 | AI7: √ | AJ7: √ | AK7: √ | AL7: 54.33 | AM7: 25 | AN7: Cat,Plastik,Tatal | AO7: 17 | AP7: =AO7*35 -> 595 | AQ7: =AP7/1260 -> 0.47222222 | AR7: 1 | AS7: =AR7*35 -> 35 | AT7: =AS7/1260 -> 0.027777778 | AU7: =AO7+AR7 -> 18 | AV7: =AP7+AS7 -> 630 | AW7: =AQ7+AT7 -> 0.5 | AX7: 4 | AY7: - | AZ7: 4 | BA7: SIR 20
A8: 28 | B8: 7 | C8: 46150 | D8: 1 | E8: 7 | F8: C-E | G8: 14.91 | H8: 10.53 | I8: 13.97 | J8: =AVERAGE(G8:I8) -> 13.136667 | K8: 46013 | L8: 76.05 | M8: 46150 | N8: 96.18 | O8: 37 | P8: 84 | Q8: 69.67 | R8: 0.122 | S8: =M8-K8 -> 137 | T8: 30.5 | AB8: 135.2 | AC8: 52 | AD8: 7 | AM8: 168 | AN8: Plastik,tatal | AO8: 134 | AP8: =AO8*35 -> 4690 | AQ8: =AP8/1260 -> 3.7222222 | AR8: 7 | AS8: =AR8*35 -> 245 | AT8: =AS8/1260 -> 0.19444444 | AU8: =AO8+AR8 -> 141 | AV8: =AP8+AS8 -> 4935 | AW8: =AQ8+AT8 -> 3.9166667 | AX8: 5 | AY8: - | AZ8: 8 | BA8: SIR 20
A9: 28 | B9: 8 | C9: 46151 | D9: 1 | E9: 6 | F9: E,D | G9: 16.41 | H9: 12.04 | I9: 14.8 | J9: =AVERAGE(G9:I9) -> 14.416667 | K9: 46013 | L9: 76.05 | M9: 46151 | N9: 96.18 | S9: =M9-K9 -> 138 | T9: 13.42 | U9: 31 | AB9: 117.75 | AC9: 88 | AD9: 7 | AE9: 41 | AF9: 70 | AG9: 72.8 | AL9: 63.2 | AM9: 4.8 | AN9: Plastik,tatal | AO9: 29 | AP9: =AO9*35 -> 1015 | AQ9: =AP9/1260 -> 0.80555556 | AR9: 0 | AS9: =AR9*35 -> 0 | AT9: =AS9/1260 -> 0 | AU9: =AO9+AR9 -> 29 | AV9: =AP9+AS9 -> 1015 | AW9: =AQ9+AT9 -> 0.80555556 | AX9: 8 | AY9: - | AZ9: 9 | BA9: SIR 20
A10: 28 | B10: 9 | C10: 46153 | D10: 1 | E10: 6;5 | F10: E;D,E | G10: 19.71 | H10: 14.02 | I10: 14.92 | J10: =AVERAGE(G10:I10) -> 16.216667 | K10: 46013 | L10: 76.05 | M10: 46153 | N10: 95.69 | S10: =M10-K10 -> 140 | T10: 13.04 | U10: 30.5 | AB10: 104.5 | AC10: 87.25 | AD10: 7 | AE10: 38 | AF10: 72.33 | AG10: 72.73 | AI10: √ | AJ10: √ | AL10: 40.77 | AM10: 2.7643 | AN10: Platik,kayu,benang | AO10: 229 | AP10: =AO10*35 -> 8015 | AQ10: =AP10/1260 -> 6.3611111 | AR10: 5 | AS10: =AR10*35 -> 175 | AT10: =AS10/1260 -> 0.13888889 | AU10: =AO10+AR10 -> 234 | AV10: =AP10+AS10 -> 8190 | AW10: =AQ10+AT10 -> 6.5 | AX10: 9 | AY10: - | AZ10: 15 | BA10: SIR 20
A11: 28 | B11: 10 | C11: 46154 | D11: 1 | E11: 4 | F11: C-E | G11: 17.32 | H11: 13.2 | I11: 18.05 | J11: =AVERAGE(G11:I11) -> 16.19 | K11: 46020 | L11: 65.54 | M11: 46154 | N11: 93.71 | S11: =M11-K11 -> 134 | T11: 12.872 | U11: 31.6 | AB11: 97.8 | AC11: 92.6 | AD11: 10 | AE11: 37.9 | AF11: 70.94 | AG11: 73.75 | AH11: 42.8 | AI11: √ | AJ11: √ | AL11: 37.46 | AM11: 35.2709 | AN11: Plastik,kayu,benang | AO11: 225 | AP11: =AO11*35 -> 7875 | AQ11: =AP11/1260 -> 6.25 | AR11: 1 | AS11: =AR11*35 -> 35 | AT11: =AS11/1260 -> 0.027777778 | AU11: =AO11+AR11 -> 226 | AV11: =AP11+AS11 -> 7910 | AW11: =AQ11+AT11 -> 6.2777778 | AX11: 16 | AY11: - | AZ11: 22 | BA11: SIR 20
A12: 28 | B12: 11 | C12: 46155 | AI12: √ | AJ12: √ | AL12: 33.83 | AM12: 1.5243 | AN12: Plastik,tatal | AO12: 37 | AP12: =AO12*35 -> 1295 | AQ12: =AP12/1260 -> 1.0277778 | AR12: 0 | AS12: =AR12*35 -> 0 | AT12: =AS12/1260 -> 0 | AU12: =AO12+AR12 -> 37 | AV12: =AP12+AS12 -> 1295 | AW12: =AQ12+AT12 -> 1.0277778 | AX12: 22 | AY12: - | AZ12: 23 | BA12: SIR 20
A13: 28 | B13: 12 | C13: 46157 | D13: 1 | E13: 4 | F13: C-E | G13: 16.77 | H13: 11.8 | I13: 14.53 | J13: =AVERAGE(G13:I13) -> 14.366667 | K13: 46020 | L13: 65.54 | M13: 46157 | N13: 93.71 | S13: =M13-K13 -> 137 | T13: 13.37 | U13: 31 | AB13: 86.33 | AC13: 81.33 | AD13: 10 | AE13: 39.08 | AF13: 70.13 | AG13: 73.86 | AH13: 32.66 | AI13: √ | AJ13: √ | AL13: 32.145 | AM13: 60.6124 | AN13: Tatal,plastik,benang | AO13: 310 | AP13: =AO13*35 -> 10850 | AQ13: =AP13/1260 -> 8.6111111 | AR13: 6 | AS13: =AR13*35 -> 210 | AT13: =AS13/1260 -> 0.16666667 | AU13: =AO13+AR13 -> 316 | AV13: =AP13+AS13 -> 11060 | AW13: =AQ13+AT13 -> 8.7777778 | AX13: 23 | AY13: - | AZ13: 31 | BA13: SIR 20
A14: 28 | B14: 13 | C14: 46160 | D14: 1 | E14: 2 | F14: A-E | G14: 14.07 | H14: 12.31 | I14: 14.51 | J14: =AVERAGE(G14:I14) -> 13.63 | K14: 46020 | L14: 65.54 | M14: 46160 | N14: 93.71 | S14: =M14-K14 -> 140 | T14: 12.33 | U14: 47.5 | AB14: 97.85 | AC14: 83 | AD14: 7 | AE14: 40.91 | AF14: 65.81 | AG14: 75.38 | AI14: √ | AJ14: √ | AL14: 39.05 | AM14: 120.204 | AN14: Platik,Kayu,Benang | AP14: =AO14*35 -> 0 | AQ14: =AP14/1260 -> 0 | AS14: =AR14*35 -> 0 | AT14: =AS14/1260 -> 0 | AU14: =AO14+AR14 -> 0 | AV14: =AP14+AS14 -> 0 | AW14: =AQ14+AT14 -> 0 | AX14: 31 | AY14: - | AZ14: 34 | BA14: SIR 20
A15: 28 | B15: 14 | C15: 46161 | D15: 1 | E15: 3-4 | F15: A-B | G15: 14.95 | H15: 13.91 | I15: 16.64 | J15: =AVERAGE(G15:I15) -> 15.166667 | K15: 46022 | L15: 64.49 | M15: 46161 | N15: 93.65 | S15: =M15-K15 -> 139 | T15: 12.07 | U15: 31.25 | AB15: 100.33 | AC15: 61.33 | AD15: 8 | AI15: √ | AJ15: √ | AL15: 35.72 | AM15: 200 | AN15: Platik,tali,kayu | AO15: 127 | AP15: =AO15*35 -> 4445 | AQ15: =AP15/1260 -> 3.5277778 | AR15: =2+39 -> 41 | AS15: =AR15*35 -> 1435 | AT15: =AS15/1260 -> 1.1388889 | AU15: =AO15+AR15 -> 168 | AV15: =AP15+AS15 -> 5880 | AW15: =AQ15+AT15 -> 4.6666667 | AX15: 34 | AY15: - | AZ15: 38 | BA15: SIR 20
A16: 28 | B16: 15 | C16: 46162 | D16: 2 | E16: 3-4 | F16: A-B | G16: 21.4 | H16: 16.48 | I16: 19.14 | J16: =AVERAGE(G16:I16) -> 19.006667 | K16: 46022 | L16: 64.49 | M16: 46162 | N16: 96.4 | S16: =M16-K16 -> 140 | T16: 17.31 | U16: 31.5 | AB16: 101.33 | AC16: 86 | AD16: 8 | AE16: 42.7 | AF16: 65.84 | AG16: 77.84 | AH16: 39.5 | AI16: √ | AJ16: √ | AL16: 35.93 | AM16: 25 | AN16: Plastik.Tali.Tatal | AO16: 187 | AP16: =AO16*35 -> 6545 | AQ16: =AP16/1260 -> 5.1944444 | AR16: 6 | AS16: =AR16*35 -> 210 | AT16: =AS16/1260 -> 0.16666667 | AU16: =AO16+AR16 -> 193 | AV16: =AP16+AS16 -> 6755 | AW16: =AQ16+AT16 -> 5.3611111 | AX16: 38 | AY16: - | AZ16: 43 | BA16: SIR 20
A17: 4 | B17: 16 | C17: 46162 | AP17: =AO17*35 -> 0 | AQ17: =AP17/1260 -> 0 | AS17: =AR17*35 -> 0 | AT17: =AS17/1260 -> 0 | AU17: =AO17+AR17 -> 0 | AV17: =AP17+AS17 -> 0 | AW17: =AQ17+AT17 -> 0 | AY17: - | BA17: SIR 20
A18: 4 | B18: 17 | C18: 46163 | D18: 2 | E18: 6-7 | F18: C-E | G18: 19.31 | H18: 15.51 | I18: 22.61 | J18: =AVERAGE(G18:I18) -> 19.143333 | K18: 46081 | L18: 73.51 | M18: 46163 | N18: 99.16 | O18: 40 | P18: 71 | Q18: 82 | R18: 0.135 | S18: =M18-K18 -> 82 | T18: 21.49 | U18: 31.25 | AB18: 96.71 | AC18: 87.14 | AD18: 8 | AE18: 44.7 | AF18: 63.11 | AG18: 82.21 | AH18: 48 | AI18: √ | AJ18: √ | AL18: 38.83 | AM18: 30 | AN18: Plastik.tatal | AO18: 354 | AP18: =AO18*35 -> 12390 | AQ18: =AP18/1260 -> 9.8333333 | AR18: 9 | AS18: =AR18*35 -> 315 | AT18: =AS18/1260 -> 0.25 | AU18: =AO18+AR18 -> 363 | AV18: =AP18+AS18 -> 12705 | AW18: =AQ18+AT18 -> 10.083333 | AX18: 43 | AY18: - | AZ18: 54 | BA18: SIR 20
A19: 4 | B19: 18 | C19: 46164 | D19: 2 | E19: 6-5 | F19: C-D | G19: 21.29 | H19: 16.49 | I19: 21.5 | J19: =AVERAGE(G19:I19) -> 19.76 | K19: 46081 | L19: 73.51 | M19: 46164 | N19: 99.16 | S19: =M19-K19 -> 83 | T19: 18.23 | U19: 32 | AB19: 96.6 | AC19: 87.8 | AD19: 8 | AE19: 46.06 | AF19: 61.07 | AG19: 85.48 | AI19: √ | AJ19: √ | AL19: 38.4 | AM19: 35 | AN19: Plastik.tali | AO19: 208 | AP19: =AO19*35 -> 7280 | AQ19: =AP19/1260 -> 5.7777778 | AR19: 4 | AS19: =AR19*35 -> 140 | AT19: =AS19/1260 -> 0.11111111 | AU19: =AO19+AR19 -> 212 | AV19: =AP19+AS19 -> 7420 | AW19: =AQ19+AT19 -> 5.8888889 | AX19: 54 | AY19: - | AZ19: 60 | BA19: SIR 20
A20: 4 | B20: 19 | C20: 46165 | AB20: 103.5 | AC20: 94 | AD20: 8 | AE20: 46 | AF20: 64.12 | AG20: 84.1 | AH20: 40.5 | AI20: √ | AJ20: √ | AL20: 32.57 | AM20: 10 | AN20: plastik,benang | AO20: 130 | AP20: =AO20*35 -> 4550 | AQ20: =AP20/1260 -> 3.6111111 | AR20: 1 | AS20: =AR20*35 -> 35 | AT20: =AS20/1260 -> 0.027777778 | AU20: =AO20+AR20 -> 131 | AV20: =AP20+AS20 -> 4585 | AW20: =AQ20+AT20 -> 3.6388889 | AX20: 60 | AY20: - | AZ20: 63 | BA20: SIR 20
A21: 4 | B21: 20 | C21: 46167 | AB21: 59.5 | AC21: 89.5 | AD21: 8 | AE21: 47.12 | AF21: 61.81 | AG21: 84.82 | AI21: √ | AJ21: √ | AL21: 32.05 | AM21: 75 | AN21: Tali,Plastik | AO21: 304 | AP21: =AO21*35 -> 10640 | AQ21: =AP21/1260 -> 8.4444444 | AR21: 19 | AS21: =AR21*35 -> 665 | AT21: =AS21/1260 -> 0.52777778 | AU21: =AO21+AR21 -> 323 | AV21: =AP21+AS21 -> 11305 | AW21: =AQ21+AT21 -> 8.9722222 | AX21: 63 | AY21: - | AZ21: 72 | BA21: SIR 20
A22: 4 | B22: 21 | C22: 46171 | D22: 2 | E22: 4 | F22: E-D | G22: 18.84 | H22: 18.14 | I22: 20.93 | J22: =AVERAGE(G22:I22) -> 19.303333 | K22: 46085 | L22: 76.87 | M22: 46171 | N22: 99.16 | S22: =M22-K22 -> 86 | AP22: =AO22*35 -> 0 | AQ22: =AP22/1260 -> 0 | AS22: =AR22*35 -> 0 | AT22: =AS22/1260 -> 0 | AU22: =AO22+AR22 -> 0 | AV22: =AP22+AS22 -> 0 | AW22: =AQ22+AT22 -> 0 | BA22: SIR 20
A23: 4 | B23: 22 | C23: 46172 | D23: 2 | E23: 4 | F23: D-E | G23: 22.01 | H23: 14.82 | I23: 17.5 | J23: =AVERAGE(G23:I23) -> 18.11 | K23: 46085 | L23: 76.87 | M23: 46172 | N23: 99.16 | S23: =M23-K23 -> 87 | AB23: 100.5 | AC23: 87.25 | AD23: 8 | AE23: 47.87 | AF23: 57.87 | AG23: 84.07 | AH23: 43 | AI23: √ | AJ23: √ | AL23: 35.92 | AM23: 5 | AN23: Plastik,Tatal,Tali | AP23: =AO23*35 -> 0 | AQ23: =AP23/1260 -> 0 | AS23: =AR23*35 -> 0 | AT23: =AS23/1260 -> 0 | AU23: =AO23+AR23 -> 0 | AV23: =AP23+AS23 -> 0 | AW23: =AQ23+AT23 -> 0 | AX23: 72 | AY23: - | AZ23: 75 | BA23: SIR 20
A24: 5 | B24: 23 | C24: 46175 | D24: 2 | E24: 12 | F24: D-E | G24: 20.12 | H24: 13.77 | I24: 18.08 | J24: =AVERAGE(G24:I24) -> 17.323333 | K24: 46072 | L24: 73.02 | M24: 46175 | N24: 98.61 | O24: 43 | P24: 74 | Q24: 79.8 | R24: 0.116 | S24: =M24-K24 -> 103 | T24: 14.84 | U24: 31.75 | AB24: 96.75 | AC24: 84 | AD24: 8 | AE24: 48.16 | AF24: 75.58 | AG24: 83.73 | AH24: 35.8 | AI24: √ | AJ24: √ | AL24: 37.41 | AM24: 10 | AN24: Plastik,Tali | AO24: 175 | AP24: =AO24*35 -> 6125 | AQ24: =AP24/1260 -> 4.8611111 | AR24: 10 | AS24: =AR24*35 -> 350 | AT24: =AS24/1260 -> 0.27777778 | AU24: =AO24+AR24 -> 185 | AV24: =AP24+AS24 -> 6475 | AW24: =AQ24+AT24 -> 5.1388889 | AX24: 76 | AY24: - | AZ24: 81 | BA24: SIR 20
A25: 5 | B25: 24 | C25: 46176 | D25: 2 | E25: 11 | F25: E-D | G25: 17.75 | H25: 12.13 | I25: 21.81 | J25: =AVERAGE(G25:I25) -> 17.23 | K25: 46077 | L25: 71.01 | M25: 46176 | N25: 98.61 | S25: =M25-K25 -> 99 | T25: 16.09 | U25: 28.5 | AB25: 96.66 | AC25: 89.16 | AD25: 8 | AE25: 45.95 | AF25: 93.95 | AG25: 84.17 | AH25: 38.16 | AI25: √ | AJ25: √ | AL25: 34.27 | AM25: 45 | AN25: Plastik,Tali,Tatal | AO25: 322 | AP25: =AO25*35 -> 11270 | AQ25: =AP25/1260 -> 8.9444444 | AR25: 27 | AS25: =AR25*35 -> 945 | AT25: =AS25/1260 -> 0.75 | AU25: =AO25+AR25 -> 349 | AV25: =AP25+AS25 -> 12215 | AW25: =AQ25+AT25 -> 9.6944444 | AX25: 81 | AY25: - | AZ25: 90 | BA25: SIR 20
A26: 5 | B26: 25 | C26: 46177 | D26: 2 | E26: 9/10 | F26: C-E | G26: 19.72 | H26: 14.12 | I26: 19.85 | J26: =AVERAGE(G26:I26) -> 17.896667 | K26: 46078 | L26: 73.13 | M26: 46177 | N26: 98.61 | S26: =M26-K26 -> 99 | T26: 14.2 | U26: 26.33 | AB26: 100 | AC26: 90.33 | AD26: 8 | AE26: 44.3 | AF26: 61.2 | AG26: 80.24 | AH26: 34.66 | AI26: √ | AJ26: √ | AL26: 32.31 | AM26: 20 | AN26: Plastik,Tatal | AO26: 117 | AP26: =AO26*35 -> 4095 | AQ26: =AP26/1260 -> 3.25 | AR26: 66 | AS26: =AR26*35 -> 2310 | AT26: =AS26/1260 -> 1.8333333 | AU26: =AO26+AR26 -> 183 | AV26: =AP26+AS26 -> 6405 | AW26: =AQ26+AT26 -> 5.0833333 | AX26: 90 | AY26: - | AZ26: 93 | BA26: SIR 20
A27: 5 | B27: 26 | C27: 46178 | D27: 2 | E27: 9 | F27: D-E | G27: 21.94 | H27: 17.51 | I27: 13.17 | J27: =AVERAGE(G27:I27) -> 17.54 | K27: 46078 | L27: 71.61 | M27: 46178 | N27: 98.61 | S27: =M27-K27 -> 100 | T27: 10.9 | U27: 29.6 | AB27: 97.83 | AC27: 86.83 | AD27: 8 | AE27: 45.06 | AF27: 65.18 | AG27: 82.27 | AH27: 38 | AI27: √ | AJ27: √ | AL27: 34.83 | AM27: 25 | AN27: Platik,benang,Tatal | AO27: 176 | AP27: =AO27*35 -> 6160 | AQ27: =AP27/1260 -> 4.8888889 | AR27: 64 | AS27: =AR27*35 -> 2240 | AT27: =AS27/1260 -> 1.7777778 | AU27: =AO27+AR27 -> 240 | AV27: =AP27+AS27 -> 8400 | AW27: =AQ27+AT27 -> 6.6666667 | AX27: 93 | AY27: - | AZ27: 98 | BA27: SIR 20
A28: 5 | B28: 27 | C28: 46179 | AE28: 43 | AF28: 66.3 | AG28: 76.3 | AI28: √ | AJ28: √ | AL28: 32 | AM28: 10 | AN28: Plastik,Tali,tatal | AO28: 36 | AP28: =AO28*35 -> 1260 | AQ28: =AP28/1260 -> 1 | AR28: 86 | AS28: =AR28*35 -> 3010 | AT28: =AS28/1260 -> 2.3888889 | AU28: =AO28+AR28 -> 122 | AV28: =AP28+AS28 -> 4270 | AW28: =AQ28+AT28 -> 3.3888889 | AX28: 98 | AY28: - | AZ28: 99 | BA28: SIR 20
A29: 6 | B29: 28 | C29: 46181 | D29: 2 | E29: 2 | F29: C-E | G29: 17.22 | H29: 14.62 | I29: 17.5 | J29: =AVERAGE(G29:I29) -> 16.446667 | K29: 46085 | L29: 72.62 | M29: 46181 | N29: 98.93 | O29: 40 | P29: 71 | Q29: 79.7 | R29: 0.113 | S29: =M29-K29 -> 96 | T29: 30.24 | U29: 30.25 | AB29: 95.4 | AC29: 85 | AD29: 8 | AE29: 44.57 | AF29: 60.8 | AG29: 80.75 | AH29: 35.75 | AI29: √ | AJ29: √ | AL29: 37.83 | AM29: 30 | AN29: Plastik,Kayu | AO29: 185 | AP29: =AO29*35 -> 6475 | AQ29: =AP29/1260 -> 5.1388889 | AR29: 33 | AS29: =AR29*35 -> 1155 | AT29: =AS29/1260 -> 0.91666667 | AU29: =AO29+AR29 -> 218 | AV29: =AP29+AS29 -> 7630 | AW29: =AQ29+AT29 -> 6.0555556 | AX29: 99 | AY29: - | AZ29: 104 | BA29: SIR 20
A30: 6 | B30: 29 | C30: 46182 | D30: 2 | E30: 2 | F30: C-E | G30: 18.19 | H30: 15.47 | I30: 17.64 | J30: =AVERAGE(G30:I30) -> 17.1 | K30: 46085 | L30: 72.62 | M30: 46182 | N30: 98.93 | S30: =M30-K30 -> 97 | T30: 13.94 | U30: 33 | AB30: 97.16 | AC30: 91.16 | AD30: 8 | AE30: 45.61 | AF30: 56.13 | AG30: 84.78 | AH30: 37.16 | AI30: √ | AJ30: √ | AL30: 37.14 | AM30: 50 | AN30: Tatal,Plastik,Tali | AO30: 222 | AP30: =AO30*35 -> 7770 | AQ30: =AP30/1260 -> 6.1666667 | AR30: 118 | AS30: =AR30*35 -> 4130 | AT30: =AS30/1260 -> 3.2777778 | AU30: =AO30+AR30 -> 340 | AV30: =AP30+AS30 -> 11900 | AW30: =AQ30+AT30 -> 9.4444444 | AX30: 104 | AY30: - | AZ30: 110 | BA30: SIR 20
A31: 6 | B31: 30 | C31: 46183 | D31: 2 | E31: 7 | F31: A-B | G31: 17.2 | H31: 13.72 | I31: 15.72 | J31: =AVERAGE(G31:I31) -> 15.546667 | K31: 46090 | L31: 74.02 | M31: 46183 | N31: 98.93 | S31: =M31-K31 -> 93 | T31: 12.9 | U31: 31.33 | AB31: 100 | AC31: 96 | AD31: 8 | AE31: 45.75 | AF31: 61.86 | AG31: 83.6 | AH31: 35 | AI31: √ | AJ31: √ | AL31: 32.84 | AM31: 30 | AN31: Plastik.tatal | AO31: 155 | AP31: =AO31*35 -> 5425 | AQ31: =AP31/1260 -> 4.3055556 | AR31: 28 | AS31: =AR31*35 -> 980 | AT31: =AS31/1260 -> 0.77777778 | AU31: =AO31+AR31 -> 183 | AV31: =AP31+AS31 -> 6405 | AW31: =AQ31+AT31 -> 5.0833333 | AX31: 111 | AY31: - | AZ31: 115 | BA31: SIR 20
A32: 6 | B32: 31 | C32: 46184 | D32: 2 | E32: 7-8 | F32: A,B;A | G32: 18.51 | H32: 14.17 | I32: 19 | J32: =AVERAGE(G32:I32) -> 17.226667 | K32: 46090 | L32: 70.64 | M32: 46184 | N32: 98.93 | S32: =M32-K32 -> 94 | T32: 13.32 | U32: 32 | AB32: 96 | AC32: 93 | AD32: 8 | AE32: 36.5 | AF32: 64.76 | AG32: 68.35 | AH32: 33.55 | AI32: √ | AJ32: √ | AL32: 33.55 | AM32: 100 | AN32: Plastik,Tali,Benang | AO32: 285 | AP32: =AO32*35 -> 9975 | AQ32: =AP32/1260 -> 7.9166667 | AR32: 28 | AS32: =AR32*35 -> 980 | AT32: =AS32/1260 -> 0.77777778 | AU32: =AO32+AR32 -> 313 | AV32: =AP32+AS32 -> 10955 | AW32: =AQ32+AT32 -> 8.6944444 | AX32: 115 | AY32: - | AZ32: 123 | BA32: SIR 20
A33: 6 | B33: 32 | C33: 46185 | AI33: √ | AJ33: √ | AL33: 32.6 | AM33: 10 | AN33: Plastik,Tali,Kayu | AO33: 29 | AP33: =AO33*35 -> 1015 | AQ33: =AP33/1260 -> 0.80555556 | AR33: 3 | AS33: =AR33*35 -> 105 | AT33: =AS33/1260 -> 0.083333333 | AU33: =AO33+AR33 -> 32 | AV33: =AP33+AS33 -> 1120 | AW33: =AQ33+AT33 -> 0.88888889 | AX33: 123 | AY33: - | AZ33: 124 | BA33: SIR 20
A34: 7 | B34: 33 | C34: 46188 | D34: 2 | E34: 10-14 | F34: A-B | G34: 18.32 | H34: 13.07 | I34: 15.83 | J34: =AVERAGE(G34:I34) -> 15.74 | K34: 46091 | L34: 73.158 | M34: 46188 | N34: 99.02 | O34: 46 | P34: 69.5 | Q34: 78.5 | R34: 0.107 | S34: =M34-K34 -> 97 | T34: 12.732 | U34: 33 | AB34: 101 | AC34: 95.5 | AD34: 8 | AE34: 44.9 | AF34: 62.78 | AG34: 81.4 | AH34: 35.16 | AI34: √ | AJ34: √ | AL34: 34.015 | AM34: 40 | AN34: Kayu,Plastik,Benang | AO34: 287 | AP34: =AO34*35 -> 10045 | AQ34: =AP34/1260 -> 7.9722222 | AR34: 6 | AS34: =AR34*35 -> 210 | AT34: =AS34/1260 -> 0.16666667 | AU34: =AO34+AR34 -> 293 | AV34: =AP34+AS34 -> 10255 | AW34: =AQ34+AT34 -> 8.1388889 | AX34: 124 | AY34: - | AZ34: 131 | BA34: SIR 20
A35: 7 | B35: 34 | C35: 46190 | D35: 2 | E35: 10-14 | F35: A-B | G35: 19.32 | H35: 13.79 | I35: 18.47 | J35: =AVERAGE(G35:I35) -> 17.193333 | K35: 46091 | L35: 73.158 | M35: 46190 | N35: 99.02 | O35: 46 | P35: 69.5 | Q35: 78.5 | R35: 0.107 | S35: =M35-K35 -> 99 | T35: 13.985 | U35: 32.5 | AB35: 94.75 | AC35: 94 | AD35: 8 | AE35: 44.5 | AF35: 61.62 | AG35: 82.87 | AH35: 34.75 | AI35: √ | AJ35: √ | AL35: 34 | AM35: 40 | AN35: Plastik,Tatal,Benang | AO35: 347 | AP35: =AO35*35 -> 12145 | AQ35: =AP35/1260 -> 9.6388889 | AR35: 2 | AS35: =AR35*35 -> 70 | AT35: =AS35/1260 -> 0.055555556 | AU35: =AO35+AR35 -> 349 | AV35: =AP35+AS35 -> 12215 | AW35: =AQ35+AT35 -> 9.6944444 | AX35: 132 | AY35: - | AZ35: 141 | BA35: SIR 20
A36: 7 | B36: 35 | C36: 46191 | D36: 2 | E36: 10-14 | F36: A-B | G36: 17.36 | H36: 15.52 | I36: 17.81 | J36: =AVERAGE(G36:I36) -> 16.896667 | K36: 46091 | L36: 73.158 | M36: 46191 | N36: 99.02 | O36: 46 | P36: 69.5 | Q36: 78.5 | R36: 0.107 | S36: =M36-K36 -> 100 | T36: 12.55 | U36: 32.33 | AB36: 100 | AC36: 100.87 | AD36: 8 | AE36: 44.95 | AF36: 62.96 | AG36: 83.71 | AH36: 35.5 | AI36: √ | AJ36: √ | AL36: 34.36 | AM36: 55 | AN36: Plastik,Tatal,Tali | AO36: 345 | AP36: =AO36*35 -> 12075 | AQ36: =AP36/1260 -> 9.5833333 | AR36: 6 | AS36: =AR36*35 -> 210 | AT36: =AS36/1260 -> 0.16666667 | AU36: =AO36+AR36 -> 351 | AV36: =AP36+AS36 -> 12285 | AW36: =AQ36+AT36 -> 9.75 | AX36: 141 | AY36: - | AZ36: 151 | BA36: SIR 20
A37: 7 | B37: 36 | C37: 46192 | AB37: 95 | AC37: 95 | AD37: 8 | AE37: 43.75 | AF37: 65.3 | AG37: 83.2 | AH37: 34 | AI37: √ | AJ37: √ | AL37: 33.75 | AM37: 20 | AN37: Tatal,Plastik,Benang | AO37: 196 | AP37: =AO37*35 -> 6860 | AQ37: =AP37/1260 -> 5.4444444 | AR37: 6 | AS37: =AR37*35 -> 210 | AT37: =AS37/1260 -> 0.16666667 | AU37: =AO37+AR37 -> 202 | AV37: =AP37+AS37 -> 7070 | AW37: =AQ37+AT37 -> 5.6111111 | AX37: 151 | AY37: - | AZ37: 156 | BA37: SIR 20
A38: 7 | B38: 37 | C38: 46193 | AI38: √ | AJ38: √ | AL38: 33.5 | AM38: 10 | AN38: Kayu,Tali,Plastik | AO38: 86 | AP38: =AO38*35 -> 3010 | AQ38: =AP38/1260 -> 2.3888889 | AR38: 0 | AS38: =AR38*35 -> 0 | AT38: =AS38/1260 -> 0 | AU38: =AO38+AR38 -> 86 | AV38: =AP38+AS38 -> 3010 | AW38: =AQ38+AT38 -> 2.3888889 | AX38: 156 | AY38: - | AZ38: 158 | BA38: SIR 20
A39: 1 | B39: 38 | C39: 46213 | D39: 1 | E39: 1 | F39: A-C | K39: 46042 | L39: 67.91 | M39: 46213 | N39: 98.96 | O39: 35 | P39: 63.5 | Q39: 70.3 | S39: =M39-K39 -> 171 | T39: 20.75 | U39: 34.3 | AB39: 103 | AC39: 66.6 | AD39: 8 | AI39: P | AJ39: P | AK39: O | AP39: =AO39*35 -> 0 | AQ39: =AP39/1260 -> 0 | AS39: =AR39*35 -> 0 | AT39: =AS39/1260 -> 0 | AU39: =AO39+AR39 -> 0 | AV39: =AP39+AS39 -> 0 | AW39: =AQ39+AT39 -> 0 | AY39: - | BA39: SIR 20
A40: 1 | B40: 39 | C40: 46214 | K40: 46042 | L40: 67.91 | M40: 46214 | N40: 98.96 | O40: 35 | P40: 63.5 | Q40: 70.3 | S40: =M40-K40 -> 172 | AB40: 105 | AC40: 113 | AD40: 8 | AE40: 39 | AF40: 72 | AG40: 73.5 | AH40: 47 | AI40: P | AJ40: P | AK40: O | AL40: 38 | AM40: 1.91 | AN40: plastik, benang | AO40: 122 | AP40: =AO40*35 -> 4270 | AQ40: =AP40/1260 -> 3.3888889 | AR40: 13 | AS40: =AR40*35 -> 455 | AT40: =AS40/1260 -> 0.36111111 | AU40: =AO40+AR40 -> 135 | AV40: =AP40+AS40 -> 4725 | AW40: =AQ40+AT40 -> 3.75 | AX40: 159 | AY40: - | AZ40: 162 | BA40: SIR 20
A41: 1 | B41: 40 | C41: 46216 | AO41: 94 | AP41: =AO41*35 -> 3290 | AQ41: =AP41/1260 -> 2.6111111 | AR41: 0 | AS41: =AR41*35 -> 0 | AT41: =AS41/1260 -> 0 | AU41: =AO41+AR41 -> 94 | AV41: =AP41+AS41 -> 3290 | AW41: =AQ41+AT41 -> 2.6111111 | AX41: 162 | AY41: - | AZ41: 164 | BA41: SIR 20
A42: 1 | B42: 41 | C42: 46217 | D42: 1 | E42: 1-2 | F42: D-C | G42: 19.64 | H42: 13.83 | I42: 16.23 | J42: =AVERAGE(G42:I42) -> 16.566667 | K42: 46042 | L42: 67.91 | M42: 46217 | N42: 98.96 | O42: 35 | P42: 63.5 | Q42: 70.3 | S42: =M42-K42 -> 175 | T42: 15.75 | U42: 36.2 | AB42: 105 | AC42: 90 | AD42: 8 | AE42: 36 | AF42: 75 | AG42: 72 | AH42: 59 | AI42: P | AJ42: P | AK42: O | AL42: 41.75 | AM42: 1.66 | AN42: plastik, tali, tatal | AO42: 28 | AP42: =AO42*35 -> 980 | AQ42: =AP42/1260 -> 0.77777778 | AR42: 0 | AS42: =AR42*35 -> 0 | AT42: =AS42/1260 -> 0 | AU42: =AO42+AR42 -> 28 | AV42: =AP42+AS42 -> 980 | AW42: =AQ42+AT42 -> 0.77777778 | AX42: 165 | AY42: - | AZ42: 165 | BA42: SIR 20
A43: 1 | B43: 42 | C43: 46218 | D43: 1 | E43: 1-3 | F43: E-A,A | G43: 23.81 | H43: 16.34 | I43: 21.63 | J43: =AVERAGE(G43:I43) -> 20.593333 | K43: 46042 | L43: 67.91 | M43: 46218 | N43: 98.96 | O43: 35 | P43: 63.5 | Q43: 70.3 | S43: =M43-K43 -> 176 | T43: 18.29 | U43: 36 | AB43: 88.35 | AC43: 105.66 | AD43: 8 | AE43: 36.5 | AF43: 74 | AG43: 78.5 | AH43: 46.5 | AI43: P | AJ43: P | AK43: O | AL43: 36.8 | AM43: 0.7496 | AN43: plastik, tali, tatal | AO43: 124 | AP43: =AO43*35 -> 4340 | AQ43: =AP43/1260 -> 3.4444444 | AR43: 3 | AS43: =AR43*35 -> 105 | AT43: =AS43/1260 -> 0.083333333 | AU43: =AO43+AR43 -> 127 | AV43: =AP43+AS43 -> 4445 | AW43: =AQ43+AT43 -> 3.5277778 | AX43: 165 | AY43: - | AZ43: 168 | BA43: SIR 20
A44: 1 | B44: 43 | C44: 46219 | D44: 1 | E44: 3-6 | F44: A | G44: 14.39 | H44: 14.14 | I44: 15.18 | J44: =AVERAGE(G44:I44) -> 14.57 | K44: 46042 | L44: 67.91 | M44: 46219 | N44: 98.96 | O44: 35 | P44: 63.5 | Q44: 70.3 | S44: =M44-K44 -> 177 | T44: 24.52 | U44: 35 | AB44: 101.2 | AC44: 114.8 | AD44: 8 | AE44: 34 | AF44: 76.8 | AG44: 72 | AH44: 61.8 | AI44: P | AJ44: P | AK44: O | AL44: 37.9 | AM44: 3.7007 | AN44: plastik, tali, tatal | AO44: 326 | AP44: =AO44*35 -> 11410 | AQ44: =AP44/1260 -> 9.0555556 | AR44: 11 | AS44: =AR44*35 -> 385 | AT44: =AS44/1260 -> 0.30555556 | AU44: =AO44+AR44 -> 337 | AV44: =AP44+AS44 -> 11795 | AW44: =AQ44+AT44 -> 9.3611111 | AX44: 169 | AY44: - | AZ44: 178 | BA44: SIR 20
A45: 1 | B45: 44 | C45: 46220 | K45: 46042 | L45: 67.91 | M45: 46220 | N45: 98.96 | O45: 35 | P45: 63.5 | Q45: 70.3 | S45: =M45-K45 -> 178 | AB45: 95 | AC45: 114.8 | AD45: 8 | AE45: 35.5 | AF45: 76.25 | AG45: 76.25 | AH45: 39.4 | AI45: P | AJ45: P | AK45: O | AL45: 33.745 | AM45: 3.8826 | AN45: plastik, tali, tatal | AO45: 174 | AP45: =AO45*35 -> 6090 | AQ45: =AP45/1260 -> 4.8333333 | AR45: 7 | AS45: =AR45*35 -> 245 | AT45: =AS45/1260 -> 0.19444444 | AU45: =AO45+AR45 -> 181 | AV45: =AP45+AS45 -> 6335 | AW45: =AQ45+AT45 -> 5.0277778 | AX45: 178 | AY45: - | AZ45: 182 | BA45: SIR 20
A46: 2 | B46: 45 | C46: 46220 | AO46: 164 | AP46: =AO46*35 -> 5740 | AQ46: =AP46/1260 -> 4.5555556 | AS46: =AR46*35 -> 0 | AT46: =AS46/1260 -> 0 | AU46: =AO46+AR46 -> 164 | AV46: =AP46+AS46 -> 5740 | AW46: =AQ46+AT46 -> 4.5555556 | AX46: 183 | AY46: - | AZ46: 187 | BA46: SIR 20
A47: 2 | B47: 46 | C47: 46221 | AO47: 58 | AP47: =AO47*35 -> 2030 | AQ47: =AP47/1260 -> 1.6111111 | AR47: 2 | AS47: =AR47*35 -> 70 | AT47: =AS47/1260 -> 0.055555556 | AU47: =AO47+AR47 -> 60 | AV47: =AP47+AS47 -> 2100 | AW47: =AQ47+AT47 -> 1.6666667 | AX47: 187 | AY47: - | AZ47: 189 | BA47: SIR 20
A48: 2 | B48: 47 | C48: 46223 | D48: 1 | E48: 8-12 | F48: A-B | G48: 16.15 | H48: 11.44 | I48: 14.19 | J48: =AVERAGE(G48:I48) -> 13.926667 | K48: 46045 | L48: 71.9 | M48: 46223 | N48: 98.5 | O48: 35.25 | P48: 76 | Q48: 73.5 | S48: =M48-K48 -> 178 | T48: 15.38 | U48: 34.2 | V48: 104.66 | W48: 75.66 | X48: 8 | Y48: 35.25 | Z48: 76 | AA48: 73.5 | AH48: 77.5 | AI48: P | AJ48: P | AK48: O | AP48: =AO48*35 -> 0 | AQ48: =AP48/1260 -> 0 | AS48: =AR48*35 -> 0 | AT48: =AS48/1260 -> 0 | AU48: =AO48+AR48 -> 0 | AV48: =AP48+AS48 -> 0 | AW48: =AQ48+AT48 -> 0 | AY48: - | BA48: SIR 20
A49: 2 | B49: 48 | C49: 46224 | K49: 46045 | L49: 71.9 | M49: 46224 | N49: 98.5 | O49: 35.25 | P49: 76 | Q49: 73.5 | S49: =M49-K49 -> 179 | AI49: P | AJ49: P | AK49: O | AL49: 32 | AM49: 0.2549 | AN49: plastik, tali, tatal | AO49: 140 | AP49: =AO49*35 -> 4900 | AQ49: =AP49/1260 -> 3.8888889 | AR49: 3 | AS49: =AR49*35 -> 105 | AT49: =AS49/1260 -> 0.083333333 | AU49: =AO49+AR49 -> 143 | AV49: =AP49+AS49 -> 5005 | AW49: =AQ49+AT49 -> 3.9722222 | AX49: 189 | AY49: - | AZ49: 193 | BA49: SIR 20
A50: 2 | B50: 49 | C50: 46225 | G50: 17.28 | H50: 13.72 | I50: 16.48 | J50: =AVERAGE(G50:I50) -> 15.826667 | K50: 46045 | L50: 71.9 | M50: 46225 | N50: 98.5 | O50: 35.25 | P50: 76 | Q50: 73.5 | S50: =M50-K50 -> 180 | T50: 12.76 | U50: 35 | V50: 108.75 | W50: 120.16 | X50: 8 | Y50: 33.5 | Z50: 77.1 | AA50: 75.15 | AH50: 43.75 | AI50: P | AJ50: P | AK50: O | AL50: 36.57 | AM50: 1.3375 | AN50: plastik, tali, tatal | AO50: 233 | AP50: =AO50*35 -> 8155 | AQ50: =AP50/1260 -> 6.4722222 | AR50: 3 | AS50: =AR50*35 -> 105 | AT50: =AS50/1260 -> 0.083333333 | AU50: =AO50+AR50 -> 236 | AV50: =AP50+AS50 -> 8260 | AW50: =AQ50+AT50 -> 6.5555556 | AX50: 193 | AY50: - | AZ50: 199 | BA50: SIR 20
A51: 2 | B51: 50 | C51: 46226 | K51: 46045 | L51: 71.9 | M51: 46226 | N51: 98.5 | O51: 35.25 | P51: 76 | Q51: 73.5 | S51: =M51-K51 -> 181 | V51: 89.5 | W51: 101.5 | X51: 8 | Y51: 33 | Z51: 77 | AA51: 76.93 | AH51: 39 | AI51: P | AJ51: P | AK51: O | AL51: 37.02 | AM51: 2.39 | AN51: plastik, tali, tatal | AO51: 205 | AP51: =AO51*35 -> 7175 | AQ51: =AP51/1260 -> 5.6944444 | AR51: 73 | AS51: =AR51*35 -> 2555 | AT51: =AS51/1260 -> 2.0277778 | AU51: =AO51+AR51 -> 278 | AV51: =AP51+AS51 -> 9730 | AW51: =AQ51+AT51 -> 7.7222222 | AX51: 199 | AY51: - | AZ51: 205 | BA51: SIR 20
A52: 2 | B52: 51 | C52: 46227 | K52: 46045 | L52: 71.9 | M52: 46227 | N52: 98.5 | O52: 35.25 | P52: 76 | Q52: 73.5 | S52: =M52-K52 -> 182 | AI52: P | AJ52: P | AK52: O | AL52: 32.57 | AM52: 0.3658 | AN52: plastik, tali | AO52: 144 | AP52: =AO52*35 -> 5040 | AQ52: =AP52/1260 -> 4 | AR52: 11 | AS52: =AR52*35 -> 385 | AT52: =AS52/1260 -> 0.30555556 | AU52: =AO52+AR52 -> 155 | AV52: =AP52+AS52 -> 5425 | AW52: =AQ52+AT52 -> 4.3055556 | AX52: 205 | AY52: - | AZ52: 208 | BA52: SIR 20
A53: 3 | B53: 52 | C53: 46234 | K53: 46050 | L53: 70.483333 | M53: 46234 | N53: 99.06 | O53: 32 | P53: 76.7 | Q53: 74.8 | R53: 0.074 | S53: =M53-K53 -> 184 | T53: 13.24 | U53: 35 | V53: 84.9 | W53: 89.5 | X53: 8 | Y53: 36 | Z53: 76.3 | AA53: 83.5 | AP53: =AO53*35 -> 0 | AQ53: =AP53/1260 -> 0 | AS53: =AR53*35 -> 0 | AT53: =AS53/1260 -> 0 | AU53: =AO53+AR53 -> 0 | AV53: =AP53+AS53 -> 0 | AW53: =AQ53+AT53 -> 0 | AX53: 208 | AY53: - | AZ53: 209 | BA53: SIR 20
A54: 3 | B54: 53 | C54: 46268 | D54: 2 | E54: 15 | F54: C-E | G54: 14.31 | H54: 10.57 | I54: 13.15 | J54: =AVERAGE(G54:I54) -> 12.676667 | K54: 46050 | L54: 74.22 | M54: 46268 | N54: 99.26 | O54: 35 | P54: 71 | Q54: 69 | R54: 0.125 | S54: =M54-K54 -> 218 | T54: 15.14 | U54: 35.6 | V54: 108.25 | W54: 80 | X54: 8 | AP54: =AO54*35 -> 0 | AQ54: =AP54/1260 -> 0 | AS54: =AR54*35 -> 0 | AT54: =AS54/1260 -> 0 | AU54: =AO54+AR54 -> 0 | AV54: =AP54+AS54 -> 0 | AW54: =AQ54+AT54 -> 0 | AY54: - | BA54: SIR 20
A55: 3 | B55: 54 | C55: 46269 | D55: 2 | E55: 14 | F55: C-E | G55: 16.41 | H55: 15.2 | I55: 15.86 | J55: =AVERAGE(G55:I55) -> 15.823333 | K55: 46050 | L55: 74.22 | M55: 46269 | N55: 99.26 | O55: 35 | P55: 71 | Q55: 69 | R55: 0.125 | S55: =M55-K55 -> 219 | T55: 13.02 | U55: 36 | V55: 103.89 | W55: 107.56 | X55: 7.33 | Y55: 33.25 | Z55: 76 | AH55: 54.33 | AI55: P | AJ55: P | AK55: O | AL55: 36 | AM55: 1.6937 | AN55: plastik, tali, tatal | AO55: 171 | AP55: =AO55*35 -> 5985 | AQ55: =AP55/1260 -> 4.75 | AR55: 17 | AS55: =AR55*35 -> 595 | AT55: =AS55/1260 -> 0.47222222 | AU55: =AO55+AR55 -> 188 | AV55: =AP55+AS55 -> 6580 | AW55: =AQ55+AT55 -> 5.2222222 | AX55: 210 | AY55: - | AZ55: 215 | BA55: SIR 20
A56: 3 | B56: 55 | C56: 46270 | AO56: 180 | AP56: =AO56*35 -> 6300 | AQ56: =AP56/1260 -> 5 | AR56: 6 | AS56: =AR56*35 -> 210 | AT56: =AS56/1260 -> 0.16666667 | AU56: =AO56+AR56 -> 186 | AV56: =AP56+AS56 -> 6510 | AW56: =AQ56+AT56 -> 5.1666667 | AX56: 215 | AY56: - | AZ56: 220 | BA56: SIR 20
A57: 3 | B57: 56 | C57: 46272 | D57: 1, 2 | E57: 13/14 | F57: C-E | G57: 15.96 | H57: 14.82 | I57: 15.11 | J57: =AVERAGE(G57:I57) -> 15.296667 | K57: 46050 | L57: 74.22 | M57: 46272 | N57: 99.26 | O57: 35 | P57: 71 | Q57: 69 | R57: 0.125 | S57: =M57-K57 -> 222 | T57: 17.48 | U57: 34.75 | V57: 108.17 | W57: 98.5 | X57: 8 | Y57: 40 | Z57: 75.5 | AI57: P | AJ57: P | AK57: O | AL57: 32.45 | AM57: 1.3629 | AN57: plastik dan tatal | AO57: 120 | AP57: =AO57*35 -> 4200 | AQ57: =AP57/1260 -> 3.3333333 | AR57: 1 | AS57: =AR57*35 -> 35 | AT57: =AS57/1260 -> 0.027777778 | AU57: =AO57+AR57 -> 121 | AV57: =AP57+AS57 -> 4235 | AW57: =AQ57+AT57 -> 3.3611111 | AX57: 220 | AY57: - | AZ57: 223 | BA57: SIR 20
A58: 3 | B58: 57 | C58: 46273 | D58: 1 | E58: 8 | F58: C-E | G58: 14.43 | H58: 9.82 | I58: 13.93 | J58: =AVERAGE(G58:I58) -> 12.726667 | K58: 46155 | L58: 71.44 | M58: 46273 | N58: 99.03 | O58: 33 | P58: 74 | Q58: 69.8 | R58: 0.083 | S58: =M58-K58 -> 118 | T58: 13.68 | U58: 34.5 | V58: 99.82 | W58: 102.82 | X58: 8.73 | Y58: 38 | Z58: 75 | AH58: 37 | AI58: P | AJ58: P | AK58: O | AL58: 34.7 | AM58: 2.8553 | AN58: plastik dan tatal | AO58: 360 | AP58: =AO58*35 -> 12600 | AQ58: =AP58/1260 -> 10 | AR58: 31 | AS58: =AR58*35 -> 1085 | AT58: =AS58/1260 -> 0.86111111 | AU58: =AO58+AR58 -> 391 | AV58: =AP58+AS58 -> 13685 | AW58: =AQ58+AT58 -> 10.861111 | AX58: 223 | AY58: - | AZ58: 233 | BA58: SIR 20
A59: 9 | B59: 58 | C59: 46274 | D59: 2 | E59: 8 | F59: C-E | G59: 12.81 | H59: 11.81 | I59: 13.12 | J59: =AVERAGE(G59:I59) -> 12.58 | K59: 46155 | L59: 71.44 | M59: 46274 | N59: 99.03 | O59: 33 | P59: 74 | Q59: 69.8 | R59: 0.083 | S59: =M59-K59 -> 119 | T59: 16.41 | U59: 34.6 | V59: 104.38 | W59: 109.13 | X59: 7.5 | Y59: 36.6 | Z59: 75.56 | AI59: P | AJ59: P | AK59: O | AL59: 36.2 | AO59: 316 | AP59: =AO59*35 -> 11060 | AQ59: =AP59/1260 -> 8.7777778 | AR59: 4 | AS59: =AR59*35 -> 140 | AT59: =AS59/1260 -> 0.11111111 | AU59: =AO59+AR59 -> 320 | AV59: =AP59+AS59 -> 11200 | AW59: =AQ59+AT59 -> 8.8888889 | AX59: 233 | AY59: - | AZ59: 242 | BA59: SIR 20
A60: 9 | B60: 59 | C60: 46275 | D60: 3 | E60: 8 | F60: C-E | G60: 15.17 | H60: 11.85 | I60: 13.86 | J60: =AVERAGE(G60:I60) -> 13.626667 | K60: 46155 | L60: 71.44 | M60: 46275 | N60: 99.03 | O60: 33 | P60: 74 | Q60: 69.8 | R60: 0.083 | S60: =M60-K60 -> 120 | T60: 14.3 | U60: 34.75 | V60: 113.6 | W60: 116.6 | X60: 8 | Y60: 37.12 | Z60: 77.89 | AI60: P | AJ60: P | AK60: P | AL60: 31.9 | AM60: 1.7488 | AN60: plastik dan tatal | AO60: 243 | AP60: =AO60*35 -> 8505 | AQ60: =AP60/1260 -> 6.75 | AR60: 18 | AS60: =AR60*35 -> 630 | AT60: =AS60/1260 -> 0.5 | AU60: =AO60+AR60 -> 261 | AV60: =AP60+AS60 -> 9135 | AW60: =AQ60+AT60 -> 7.25 | AX60: 242 | AY60: - | AZ60: 248 | BA60: SIR 20
A61: 9 | B61: 60 | C61: 46276 | D61: 3 | E61: 8 | F61: D-E | G61: 13.76 | H61: 10.98 | I61: 15.77 | J61: =AVERAGE(G61:I61) -> 13.503333 | K61: 46155 | L61: 71.44 | M61: 46276 | N61: 99.03 | O61: 33 | P61: 74 | Q61: 69.8 | R61: 0.083 | S61: =M61-K61 -> 121 | T61: 16.3 | U61: 35 | V61: 114.7 | W61: 116.5 | X61: 8 | Y61: 36.125 | Z61: 77.125 | AI61: P | AJ61: P | AK61: O | AL61: 34.5 | AM61: 1.6594 | AN61: plastik dan tatal | AO61: 335 | AP61: =AO61*35 -> 11725 | AQ61: =AP61/1260 -> 9.3055556 | AR61: 17 | AS61: =AR61*35 -> 595 | AT61: =AS61/1260 -> 0.47222222 | AU61: =AO61+AR61 -> 352 | AV61: =AP61+AS61 -> 12320 | AW61: =AQ61+AT61 -> 9.7777778 | AX61: 249 | AY61: - | AZ61: 258 | BA61: SIR 20
A62: 9 | B62: 61 | C62: 46277 | AL62: 31 | AO62: 14 | AP62: =AO62*35 -> 490 | AQ62: =AP62/1260 -> 0.38888889 | AR62: 2 | AS62: =AR62*35 -> 70 | AT62: =AS62/1260 -> 0.055555556 | AU62: =AO62+AR62 -> 16 | AV62: =AP62+AS62 -> 560 | AW62: =AQ62+AT62 -> 0.44444444 | AX62: 258 | AY62: - | AZ62: 258 | BA62: SIR 20
A63: 9 | B63: 62 | C63: 46279 | D63: 1 | E63: 6 | F63: D-E | G63: 15.53 | H63: 11.24 | I63: 14.13 | J63: =AVERAGE(G63:I63) -> 13.633333 | K63: 46199 | L63: 71.3 | M63: 46279 | N63: 98.5 | O63: 38 | P63: 75 | Q63: 71.2 | R63: 0.083 | S63: =M63-K63 -> 80 | T63: 14.3 | U63: 36.5 | V63: 116.2 | W63: 117.6 | X63: 7 | Y63: 39.4 | Z63: 77.6 | AI63: P | AJ63: P | AK63: P | AL63: 32.1 | AM63: 2.2118 | AN63: plastik, tali, tatal | AO63: 47 | AP63: =AO63*35 -> 1645 | AQ63: =AP63/1260 -> 1.3055556 | AR63: 15 | AS63: =AR63*35 -> 525 | AT63: =AS63/1260 -> 0.41666667 | AU63: =AO63+AR63 -> 62 | AV63: =AP63+AS63 -> 2170 | AW63: =AQ63+AT63 -> 1.7222222 | AX63: 258 | AY63: - | AZ63: 259 | BA63: SIR 20
A64: 11 | B64: 63 | C64: 46279 | D64: 1 | E64: 6 | F64: D-E | AO64: 137 | AP64: =AO64*35 -> 4795 | AQ64: =AP64/1260 -> 3.8055556 | AR64: 1 | AS64: =AR64*35 -> 35 | AT64: =AS64/1260 -> 0.027777778 | AU64: =AO64+AR64 -> 138 | AV64: =AP64+AS64 -> 4830 | AW64: =AQ64+AT64 -> 3.8333333 | AX64: 260 | AY64: - | AZ64: 263 | BA64: SIR 20
A65: 11 | B65: 64 | C65: 46280 | D65: 2 | E65: 6 | F65: C-E | G65: 16.08 | H65: 12.72 | I65: 15.84 | J65: =AVERAGE(G65:I65) -> 14.88 | K65: 46199 | L65: 71.3 | M65: 46280 | N65: 98.5 | O65: 38 | P65: 75 | Q65: 71.2 | R65: 0.083 | S65: =M65-K65 -> 81 | T65: 16.6 | U65: 36 | V65: 115.4 | W65: 115.4 | X65: 7.1 | Y65: 36.9 | Z65: 77.7 | AA65: 71.6 | AH65: 47.9 | AI65: P | AJ65: P | AK65: O | AL65: 36.7 | AM65: 2.3248 | AN65: plastik, serangga, tatal | AO65: 336 | AP65: =AO65*35 -> 11760 | AQ65: =AP65/1260 -> 9.3333333 | AR65: 4 | AS65: =AR65*35 -> 140 | AT65: =AS65/1260 -> 0.11111111 | AU65: =AO65+AR65 -> 340 | AV65: =AP65+AS65 -> 11900 | AW65: =AQ65+AT65 -> 9.4444444 | AX65: 264 | AY65: - | AZ65: 273 | BA65: SIR 20
A66: 11 | B66: 65 | C66: 46281 | D66: 1 | E66: 5 | F66: D-E | G66: 13.15 | H66: 13.13 | I66: 15.09 | J66: =AVERAGE(G66:I66) -> 13.79 | K66: 46199 | L66: 71.3 | M66: 46281 | N66: 98.5 | O66: 38 | P66: 75 | Q66: 71.2 | R66: 0.083 | S66: =M66-K66 -> 82 | T66: 15.3 | U66: 37.3 | V66: 115.3 | W66: 118 | X66: 7.3 | Y66: 36.9 | Z66: 78.3 | AA66: 71.2 | AH66: 48.7 | AI66: P | AJ66: P | AK66: O | AL66: 33.9 | AM66: 2.043 | AN66: plastik, tali, tatal | AO66: 411 | AP66: =AO66*35 -> 14385 | AQ66: =AP66/1260 -> 11.416667 | AR66: 7 | AS66: =AR66*35 -> 245 | AT66: =AS66/1260 -> 0.19444444 | AU66: =AO66+AR66 -> 418 | AV66: =AP66+AS66 -> 14630 | AW66: =AQ66+AT66 -> 11.611111 | AX66: 273 | AY66: - | AZ66: 284 | BA66: SIR 20
A67: 11 | B67: 66 | C67: 46282 | D67: 2 | E67: 5 | F67: D-E | G67: 16.48 | H67: 12.72 | I67: 16.25 | J67: =AVERAGE(G67:I67) -> 15.15 | K67: 46199 | L67: 71.3 | M67: 46282 | N67: 98.5 | O67: 38 | P67: 75 | Q67: 71.2 | R67: 0.083 | S67: =M67-K67 -> 83 | T67: 16.7 | U67: 37 | V67: 116.6 | W67: 119.1 | X67: 7.5 | Y67: 36.8 | Z67: 81.3 | AA67: 70.9 | AI67: P | AJ67: P | AK67: O | AL67: 33.2 | AM67: 0.9736 | AN67: plastik dan tali | AO67: 387 | AP67: =AO67*35 -> 13545 | AQ67: =AP67/1260 -> 10.75 | AR67: 16 | AS67: =AR67*35 -> 560 | AT67: =AS67/1260 -> 0.44444444 | AU67: =AO67+AR67 -> 403 | AV67: =AP67+AS67 -> 14105 | AW67: =AQ67+AT67 -> 11.194444 | AX67: 284 | AY67: - | AZ67: 295 | BA67: SIR 20
A68: 11 | B68: 67 | C68: 46283 | D68: 2-3 | E68: 5 | F68: D-E | G68: 15.44 | H68: 9.82 | I68: 15.56 | J68: =AVERAGE(G68:I68) -> 13.606667 | K68: 46199 | L68: 71.3 | M68: 46283 | N68: 98.5 | O68: 38 | P68: 75 | Q68: 71.2 | R68: 0.083 | S68: =M68-K68 -> 84 | T68: 13.9 | U68: 37 | V68: 121.8 | W68: 119.3 | X68: 7.4 | Y68: 36.2 | Z68: 80.3 | AA68: 70.9 | AH68: 56 | AI68: P | AJ68: P | AK68: P | AL68: 36.4 | AM68: 1.6371 | AN68: plastik, tali, tatal, kain | AO68: 231 | AP68: =AO68*35 -> 8085 | AQ68: =AP68/1260 -> 6.4166667 | AR68: 96 | AS68: =AR68*35 -> 3360 | AT68: =AS68/1260 -> 2.6666667 | AU68: =AO68+AR68 -> 327 | AV68: =AP68+AS68 -> 11445 | AW68: =AQ68+AT68 -> 9.0833333 | AX68: 295 | AY68: - | AZ68: 301 | BA68: SIR 20
A69: 11 | B69: 68 | C69: 46284 | AO69: 34 | AP69: =AO69*35 -> 1190 | AQ69: =AP69/1260 -> 0.94444444 | AR69: 6 | AS69: =AR69*35 -> 210 | AT69: =AS69/1260 -> 0.16666667 | AU69: =AO69+AR69 -> 40 | AV69: =AP69+AS69 -> 1400 | AW69: =AQ69+AT69 -> 1.1111111 | AX69: 301 | AY69: - | AZ69: 302 | BA69: SIR 20
A70: 11 | B70: 69 | C70: 46286 | G70: 17.22 | H70: 11.27 | I70: 15.79 | J70: =AVERAGE(G70:I70) -> 14.76 | K70: 46211 | L70: 70.28 | M70: 46286 | N70: 97.96 | O70: 38.666667 | P70: 76 | Q70: 73 | R70: 0.081 | S70: =M70-K70 -> 75 | T70: 11.8 | U70: 35.7 | V70: 112.2 | W70: 18.2 | X70: 7 | Y70: 37.7 | Z70: 82.3 | AA70: 73.8 | AH70: 48.2 | AI70: P | AJ70: P | AK70: O | AL70: 40.8 | AO70: 96 | AP70: =AO70*35 -> 3360 | AQ70: =AP70/1260 -> 2.6666667 | AR70: 49 | AS70: =AR70*35 -> 1715 | AT70: =AS70/1260 -> 1.3611111 | AU70: =AO70+AR70 -> 145 | AV70: =AP70+AS70 -> 5075 | AW70: =AQ70+AT70 -> 4.0277778 | AX70: 302 | AY70: - | AZ70: 305 | BA70: SIR 20
A71: 12 | B71: 70 | C71: 46286 | D71: 1 | E71: 4 | F71: B-C | AP71: =AO71*35 -> 0 | AQ71: =AP71/1260 -> 0 | AS71: =AR71*35 -> 0 | AT71: =AS71/1260 -> 0 | AU71: =AO71+AR71 -> 0 | AV71: =AP71+AS71 -> 0 | AW71: =AQ71+AT71 -> 0 | AY71: - | BA71: SIR 20
A72: 12 | B72: 71 | C72: 46287 | D72: 1-2 | E72: 3-4 | F72: B-E | G72: 16.97 | H72: 11.51 | I72: 15.64 | J72: =AVERAGE(G72:I72) -> 14.706667 | K72: 46211 | L72: 70.28 | M72: 46287 | N72: 97.96 | O72: 38.666667 | P72: 76 | Q72: 73 | R72: 0.081 | S72: =M72-K72 -> 76 | T72: 11.9 | U72: 36 | V72: 121.4 | W72: 119.8 | X72: 7.4 | Y72: 40.4 | Z72: 81.3 | AA72: 76.1 | AH72: 40.8 | AI72: P | AJ72: P | AK72: O | AL72: 33.9 | AO72: =25+109 -> 134 | AP72: =AO72*35 -> 4690 | AQ72: =AP72/1260 -> 3.7222222 | AR72: =45+61 -> 106 | AS72: =AR72*35 -> 3710 | AT72: =AS72/1260 -> 2.9444444 | AU72: =AO72+AR72 -> 240 | AV72: =AP72+AS72 -> 8400 | AW72: =AQ72+AT72 -> 6.6666667 | AX72: 305 | AY72: - | AZ72: 309 | BA72: SIR 20
A73: 12 | B73: 72 | C73: 46288 | D73: 1-2 | E73: 3-4 | F73: B-E | G73: 15.98 | H73: 12.04 | I73: 15.43 | J73: =AVERAGE(G73:I73) -> 14.483333 | K73: 46211 | L73: 70.28 | M73: 46288 | N73: 97.96 | O73: 38.666667 | P73: 76 | Q73: 73 | R73: 0.081 | S73: =M73-K73 -> 77 | T73: 17.9 | U73: 37.3 | V73: 123.9 | W73: 120.6 | X73: 7.5 | Y73: 36.6 | Z73: 78.1 | AA73: 73.5 | AI73: P | AJ73: P | AK73: O | AP73: =AO73*35 -> 0 | AQ73: =AP73/1260 -> 0 | AS73: =AR73*35 -> 0 | AT73: =AS73/1260 -> 0 | AU73: =AO73+AR73 -> 0 | AV73: =AP73+AS73 -> 0 | AW73: =AQ73+AT73 -> 0 | AY73: - | BA73: SIR 20
A74: 12 | B74: 73 | C74: 46289 | D74: 1-2 | E74: 3-4 | F74: B-E | G74: 16.37 | H74: 12.55 | I74: 15 | J74: =AVERAGE(G74:I74) -> 14.64 | K74: 46211 | L74: 70.28 | M74: 46289 | N74: 97.96 | O74: 38.666667 | P74: 76 | Q74: 73 | R74: 0.081 | S74: =M74-K74 -> 78 | T74: 17.5 | U74: 36.7 | V74: 126.3 | W74: 118.8 | X74: 7.5 | Y74: 35 | Z74: 83.5 | AA74: 71 | AH74: 46.5 | AI74: P | AJ74: P | AK74: O | AL74: 34.88 | AO74: 339 | AP74: =AO74*35 -> 11865 | AQ74: =AP74/1260 -> 9.4166667 | AR74: 35 | AS74: =AR74*35 -> 1225 | AT74: =AS74/1260 -> 0.97222222 | AU74: =AO74+AR74 -> 374 | AV74: =AP74+AS74 -> 13090 | AW74: =AQ74+AT74 -> 10.388889 | AX74: 309 | AY74: - | AZ74: 318 | BA74: SIR 20
A75: 12 | B75: 74 | C75: 46290 | AO75: 389 | AP75: =AO75*35 -> 13615 | AQ75: =AP75/1260 -> 10.805556 | AR75: 24 | AS75: =AR75*35 -> 840 | AT75: =AS75/1260 -> 0.66666667 | AU75: =AO75+AR75 -> 413 | AV75: =AP75+AS75 -> 14455 | AW75: =AQ75+AT75 -> 11.472222 | AX75: 318 | AY75: - | AZ75: 329 | BA75: SIR 20
A76: 12 | B76: 75 | C76: 46291 | AO76: 239 | AP76: =AO76*35 -> 8365 | AQ76: =AP76/1260 -> 6.6388889 | AR76: 34 | AS76: =AR76*35 -> 1190 | AT76: =AS76/1260 -> 0.94444444 | AU76: =AO76+AR76 -> 273 | AV76: =AP76+AS76 -> 9555 | AW76: =AQ76+AT76 -> 7.5833333 | AX76: 329 | AY76: - | AZ76: 335 | BA76: SIR 20
A77: 12 | B77: 76 | C77: 46293 | G77: 13.66 | H77: 10.7 | I77: 14.87 | N77: 94.99 | T77: 16.27 | U77: 36 | V77: 123.7 | W77: 119.1 | X77: 7.2 | Y77: 34.3 | Z77: 79.1 | AA77: 67.7 | AH77: 52.4 | AI77: P | AJ77: P | AK77: P | AL77: 39.7 | AO77: 130 | AP77: =AO77*35 -> 4550 | AQ77: =AP77/1260 -> 3.6111111 | AR77: 10 | AS77: =AR77*35 -> 350 | AT77: =AS77/1260 -> 0.27777778 | AU77: =AO77+AR77 -> 140 | AV77: =AP77+AS77 -> 4900 | AW77: =AQ77+AT77 -> 3.8888889 | AX77: 336 | AY77: - | AZ77: 339 | BA77: SIR 20
A78: 13-14 | B78: 77 | C78: 46293 | D78: 1-3 | E78: 2 | F78: A-E | N78: 94.99 | AO78: 198 | AP78: =AO78*35 -> 6930 | AQ78: =AP78/1260 -> 5.5 | AR78: 5 | AS78: =AR78*35 -> 175 | AT78: =AS78/1260 -> 0.13888889 | AU78: =AO78+AR78 -> 203 | AV78: =AP78+AS78 -> 7105 | AW78: =AQ78+AT78 -> 5.6388889 | AX78: 339 | AY78: - | AZ78: 345 | BA78: SIR 20
A79: 13-14 | B79: 78 | C79: 46294 | AI79: P | AJ79: P | AK79: P | AL79: 30.8 | AO79: 101 | AP79: =AO79*35 -> 3535 | AQ79: =AP79/1260 -> 2.8055556 | AR79: 15 | AS79: =AR79*35 -> 525 | AT79: =AS79/1260 -> 0.41666667 | AU79: =AO79+AR79 -> 116 | AV79: =AP79+AS79 -> 4060 | AW79: =AQ79+AT79 -> 3.2222222 | AX79: 345 | AY79: - | AZ79: 348 | BA79: SIR 20
A80: 13-14 | B80: 79 | C80: 46303 | D80: 2 | E80: 2 | F80: A-B | G80: 13.22 | H80: 13.12 | I80: 13.76 | J80: =AVERAGE(G80:I80) -> 13.366667 | K80: 46254 | L80: 72.43 | M80: 46303 | N80: 94.99 | O80: 39 | P80: 31 | Q80: 80 | R80: 0.066 | S80: =M80-K80 -> 49 | T80: 13.68 | U80: 34.5 | AB80: 116.2 | AC80: 101.1 | AD80: 9 | AE80: 41 | AF80: 81.8 | AG80: 75.5 | AH80: 40.1 | AI80: P | AJ80: P | AK80: P | AL80: 36 | AO80: 40 | AP80: =AO80*35 -> 1400 | AQ80: =AP80/1260 -> 1.1111111 | AR80: 1 | AS80: =AR80*35 -> 35 | AT80: =AS80/1260 -> 0.027777778 | AU80: =AO80+AR80 -> 41 | AV80: =AP80+AS80 -> 1435 | AW80: =AQ80+AT80 -> 1.1388889 | AX80: 348 | AZ80: 349 | BA80: SIR 20
A81: 13-14 | B81: 80 | C81: 46304 | D81: 1-3 | E81: 2 | F81: A-E | G81: 14.58 | H81: 13.9 | I81: 16.65 | J81: =AVERAGE(G81:I81) -> 15.043333 | K81: 46254 | L81: 72.43 | M81: 46304 | N81: 94.99 | O81: 39 | P81: 31 | Q81: 80 | R81: 0.066 | S81: =M81-K81 -> 50 | T81: 25.7 | U81: 34.3 | AB81: 115.7 | AC81: 112.8 | AD81: 10 | AE81: 40.2 | AF81: 78.8 | AG81: 11 | AO81: 217 | AP81: =AO81*35 -> 7595 | AQ81: =AP81/1260 -> 6.0277778 | AR81: 115 | AS81: =AR81*35 -> 4025 | AT81: =AS81/1260 -> 3.1944444 | AU81: =AO81+AR81 -> 332 | AV81: =AP81+AS81 -> 11620 | AW81: =AQ81+AT81 -> 9.2222222 | BA81: SIR 20
A82: 13-14 | B82: 81 | C82: 46305 | K82: 46254 | L82: 72.43 | M82: 46305 | N82: 94.99 | O82: 39 | P82: 31 | Q82: 80 | R82: 0.066 | S82: =M82-K82 -> 51 | AI82: P | AJ82: P | AK82: O | AL82: 28 | AM82: 0.9038 | AN82: plastik dan tatal | BA82: SIR 20
A83: 13-14 | B83: 82 | C83: 46307 | G83: 18.42 | H83: 16.67 | I83: 17.66 | J83: =AVERAGE(G83:I83) -> 17.583333 | K83: 46254 | L83: 72.43 | M83: 46307 | N83: 94.99 | O83: 39 | P83: 31 | Q83: 80 | R83: 0.066 | S83: =M83-K83 -> 53 | T83: 18.33 | U83: 35.4 | AB83: 121 | AC83: 114.6 | AD83: 9 | AE83: 38.5 | AF83: 79.2 | AG83: 76.2 | AH83: 45.9 | AI83: P | AJ83: P | AK83: P | BA83: SIR 20
A84: 13-14 | B84: 83 | C84: 46308 | G84: 14.18 | H84: 10.95 | I84: 14.2 | J84: =AVERAGE(G84:I84) -> 13.11 | K84: 46254 | L84: 72.43 | M84: 46308 | N84: 94.99 | O84: 39 | P84: 31 | Q84: 80 | R84: 0.066 | S84: =M84-K84 -> 54 | T84: 14.1 | U84: 35.3 | AB84: 121.9 | AC84: 117 | AD84: 9 | AE84: 37 | AF84: 79 | AG84: 72.6 | AH84: 48.6 | AI84: P | AJ84: P | AK84: O | AL84: 36 | AM84: 0.9319 | AN84: plastik, tatal, dan benang | BA84: SIR 20
A85: 13-14 | B85: 84 | C85: 46309 | G85: 16.59 | H85: 14.74 | I85: 16.01 | J85: =AVERAGE(G85:I85) -> 15.78 | K85: 46254 | L85: 72.43 | M85: 46309 | N85: 94.99 | O85: 39 | P85: 31 | Q85: 80 | R85: 0.066 | S85: =M85-K85 -> 55 | T85: 17.6 | U85: 36.7 | AB85: 121.8 | AC85: 116.8 | AD85: 9 | AE85: 36.3 | AF85: 79.5 | AG85: 70.8 | AH85: 47.8 | AI85: P | AJ85: P | AK85: O | AL85: 35.2 | AM85: 0.382 | AN85: plastik, tali, dan tatal | BA85: SIR 20
A86: 13-14 | B86: 85 | C86: 46310 | G86: 18.99 | H86: 15.39 | I86: 17.7 | J86: =AVERAGE(G86:I86) -> 17.36 | K86: 46254 | L86: 72.43 | M86: 46310 | N86: 94.99 | O86: 39 | P86: 31 | Q86: 80 | R86: 0.066 | S86: =M86-K86 -> 56 | T86: 19.5 | U86: 36 | AB86: 121.9 | AC86: 116.7 | AD86: 8.8 | AE86: 36.8 | AF86: 79.1 | AG86: 71.4 | AH86: 48.7 | AI86: P | AJ86: P | AK86: O | AL86: 40.2 | AM86: 1.1019 | AN86: plastik dan tatal | BA86: SIR 20
A87: 13-14 | B87: 86 | C87: 46311 | AL87: 34 | AM87: 0.5653 | AN87: plastik dan tatal | AO87: 72 | AP87: =AO87*35 -> 2520 | AQ87: =AP87/1260 -> 2 | AR87: 6 | AS87: =AR87*35 -> 210 | AT87: =AS87/1260 -> 0.16666667 | AU87: =AO87+AR87 -> 78 | AV87: =AP87+AS87 -> 2730 | AW87: =AQ87+AT87 -> 2.1666667 | AX87: 392 | AY87: - | AZ87: 394 | BA87: SIR 20
A88: 13-14 | B88: 87 | C88: 46314 | D88: 1 | E88: 4 | F88: A | G88: 15.19 | H88: 13.07 | I88: 15.02 | J88: =AVERAGE(G88:I88) -> 14.426667 | K88: 46254 | L88: 72.43 | M88: 46314 | N88: 94.99 | O88: 39 | P88: 31 | Q88: 80 | R88: 0.066 | S88: =M88-K88 -> 60 | T88: 18.8 | U88: 36.2 | AB88: 123.6 | AC88: 115.6 | AD88: 8.9 | AE88: 38.2 | AF88: 79 | AG88: 73.8 | AH88: 51 | AI88: P | AJ88: P | AK88: O | AL88: 41.6 | AO88: 316 | AP88: =AO88*35 -> 11060 | AQ88: =AP88/1260 -> 8.7777778 | AR88: 59 | AS88: =AR88*35 -> 2065 | AT88: =AS88/1260 -> 1.6388889 | AU88: =AO88+AR88 -> 375 | AV88: =AP88+AS88 -> 13125 | AW88: =AQ88+AT88 -> 10.416667 | AX88: 394 | AZ88: 403 | BA88: SIR 20

Sheet Ctt_No. Reject
A1: CATATAN PRODUK YANG TIDAK SESUAI - Gabungan (FRM.OQC.05.01.00) | Divisi: Quality Control
A2: No | B2: Tanggal | C2: Batch | D2: Nomor Lot | E2: Nomor Produksi | F2: Jenis/SIR | G2: Faktor Ketidaksesuaian | H2: Kategori | I2: Nomor Corrective Action | J2: Berat (Kg) | K2: Jumlah Bale | L2: Keterangan | M2: Foto Sumber | N2: Catatan Transkripsi
A3: 1 | B3: 46149 | C3: 27 | E3: 004 | F3: SIR 20 | G3: Kontaminasi Cat | H3: Kontaminasi | I3: LKS 01 DRY | J3: 35 | K3: 1 | M3: 4
A4: 2 | B4: 46150 | C4: 28 | E4: 002 | F4: SIR 20 | G4: Metal Serbuk | H4: Metal Serbuk | I4: LKS 02 DRY | J4: 210 | K4: 6 | M4: 4 | N4: Tulisan bale tertimpa (terbaca 8/6); disesuaikan 210kg=6 bale
A5: 3 | B5: 46150 | C5: 28 | E5: 003 | F5: SIR 20 | G5: Metal Padat | H5: Metal Padat | I5: LKS 02 DRY | J5: 35 | K5: 1 | M5: 4
A6: 4 | B6: 46153 | C6: 28 | E6: 002 | F6: SIR 20 | G6: Metal Serbuk | H6: Metal Serbuk | I6: LKS 03 DRY | J6: 105 | K6: 3 | M6: 4
A7: 5 | B7: 46153 | C7: 28 | E7: 003 | F7: SIR 20 | G7: Metal Padat | H7: Metal Padat | I7: LKS 03 DRY | J7: 70 | K7: 1 | M7: 4 | N7: Ditulis 1B (70kg biasanya 2 bale)
A8: 6 | B8: 46157 | C8: 28 | E8: 004 | F8: SIR 20 | G8: Kontaminasi | H8: Kontaminasi | I8: LKS 04 DRY | J8: 35 | K8: 1 | M8: 4
A9: 7 | B9: 46157 | C9: 28 | E9: 002 | F9: SIR 20 | G9: Metal Serbuk | H9: Metal Serbuk | I9: LKS 04 DRY | J9: 105 | K9: 3 | M9: 4
A10: 8 | B10: 46157 | C10: 28 | E10: 003 | F10: SIR 20 | G10: Metal Padat | H10: Metal Padat | I10: LKS 04 DRY | J10: 35 | K10: 1 | M10: 4
A11: 9 | B11: 46161 | C11: 28 | E11: 002 | F11: SIR 20 | G11: Metal Serbuk | H11: Metal Serbuk | I11: LKS 05 DRY | J11: 35 | K11: 1 | M11: 4
A12: 10 | B12: 46161 | C12: 28 | E12: 003 | F12: SIR 20 | G12: Metal Padat | H12: Metal Padat | I12: LKS 05 DRY | J12: 35 | K12: 1 | M12: 4
A13: 11 | B13: 46161 | C13: 28 | E13: 001 | F13: SIR 20 | G13: Biskuit (Berjamur) | H13: Biskuit / Jamur | I13: LKS 05 DRY | J13: 1365 | K13: 39 | M13: 4
A14: 12 | B14: 46162 | C14: 28 | E14: 002 | F14: SIR 20 | G14: Metal Serbuk | H14: Metal Serbuk | I14: LKS 06 DRY | J14: 175 | K14: 5 | M14: 4
A15: 13 | B15: 46162 | C15: 28 | E15: 003 | F15: SIR 20 | G15: Metal Padat | H15: Metal Padat | I15: LKS 06 DRY | J15: 35 | K15: 1 | M15: 4
A16: 14 | B16: 46163 | C16: 28 | E16: 004 | F16: SIR 20 | G16: Kontaminasi | H16: Kontaminasi | I16: LKS 07 DRY | J16: 35 | K16: 1 | M16: 4
A17: 15 | B17: 46163 | C17: 28 | E17: 003 | F17: SIR 20 | G17: Metal Padat | H17: Metal Padat | I17: LKS 07 DRY | J17: 70 | K17: 2 | M17: 4
A18: 16 | B18: 46163 | C18: 28 | E18: 002 | F18: SIR 20 | G18: Metal Serbuk | H18: Metal Serbuk | I18: LKS 07 DRY | J18: 140 | K18: 4 | M18: 4
A19: 17 | B19: 46163 | C19: 4 | E19: 002 | F19: SIR 20 | G19: Metal Serbuk | H19: Metal Serbuk | I19: LKS 07 DRY | J19: 70 | K19: 2 | M19: 4
A20: 18 | B20: 46164 | C20: 4 | E20: 002 | F20: SIR 20 | G20: Metal Serbuk | H20: Metal Serbuk | I20: LKS 08 DRY | J20: 140 | K20: 4 | M20: 4 | N20: Nomor LKS terbaca '00', diasumsikan 08
A21: 19 | B21: 46165 | C21: 4 | E21: 003 | F21: SIR 20 | G21: Metal Padat | H21: Metal Padat | I21: LKS 09 DRY | J21: 35 | K21: 1 | M21: 4
A22: 20 | B22: 46167 | C22: 4 | E22: 005 | F22: SIR 20 | G22: Metal Serbuk | H22: Metal Serbuk | I22: LKS 10 DRY | J22: 490 | K22: 14 | M22: 3 | N22: Batch tertulis 'A', diasumsikan 4
A23: 21 | B23: 46167 | C23: 4 | E23: 003 | F23: SIR 20 | G23: Metal Padat | H23: Metal Padat | I23: LKS 10 DRY | J23: 175 | K23: 5 | M23: 3
A24: 22 | B24: 46171 | C24: 4 | F24: SIR 20 | G24: Hasil cacahan mesin shredder besar / diluar standar | H24: Lainnya | I24: LKS 11 DRY | M24: 3
A25: 23 | B25: 46172 | C25: 4 | E25: 005 | F25: SIR 20 | G25: Metal Serbuk | H25: Metal Serbuk | I25: LKS 12 DRY | J25: 280 | K25: 8 | M25: 3
A26: 24 | B26: 46172 | C26: 4 | E26: 003 | F26: SIR 20 | G26: Metal Padat | H26: Metal Padat | I26: LKS 12 DRY | J26: 175 | K26: 5 | M26: 3
A27: 25 | B27: 46175 | C27: 4 | E27: 005 | F27: SIR 20 | G27: Metal Serbuk | H27: Metal Serbuk | I27: LKS 13 DRY | J27: 175 | K27: 5 | M27: 5
A28: 26 | B28: 46175 | C28: 4 | E28: 003 | F28: SIR 20 | G28: Metal Padat | H28: Metal Padat | I28: LKS 13 DRY | J28: 175 | K28: 5 | M28: 5
A29: 27 | B29: 46176 | C29: 4 | E29: 003 | F29: SIR 20 | G29: Metal Padat | H29: Metal Padat | I29: LKS 14 DRY | J29: 175 | K29: 5 | M29: 5 | N29: Batch tertulis 'A', diasumsikan 4
A30: 28 | B30: 46176 | C30: 4 | E30: 005 | F30: SIR 20 | G30: Metal Serbuk | H30: Metal Serbuk | I30: LKS 14 DRY | J30: 105 | K30: 3 | M30: 5
A31: 29 | B31: 46176 | C31: 4 | F31: SIR 20 | G31: Biskuit berjamur | H31: Biskuit / Jamur | I31: LKS 15 DRY | J31: 390 | L31: 1 Trolly | M31: 5 | N31: Nomor produksi tidak diisi
A32: 30 | B32: 46176 | C32: 5 | E32: 007 | F32: SIR 20 | G32: Metal Padat | H32: Metal Padat | I32: LKS 14 DRY | J32: 420 | K32: 12 | M32: 5 | N32: Nomor produksi tercoret/kurang jelas
A33: 31 | B33: 46176 | C33: 5 | E33: 006 | F33: SIR 20 | G33: Metal Serbuk | H33: Metal Serbuk | I33: LKS 14 DRY | J33: 210 | K33: 6 | M33: 5 | N33: Nomor produksi tercoret/kurang jelas
A34: 32 | B34: 46176 | C34: 5 | E34: 008 | F34: SIR 20 | G34: White Spot (WIS) | H34: White Spot | I34: LKS 14 DRY | J34: 35 | K34: 1 | M34: 5
A35: 33 | B35: 46177 | C35: 5 | E35: 008 | F35: SIR 20 | G35: White Spot | H35: White Spot | I35: LKS 17 DRY | J35: 1260 | K35: 36 | M35: 5
A36: 34 | B36: 46177 | C36: 5 | E36: 009 | F36: SIR 20 | G36: White Spot | H36: White Spot | I36: LKS 17 DRY | J36: 875 | K36: 25 | M36: 5
A37: 35 | B37: 46177 | C37: 5 | E37: 007 | F37: SIR 20 | G37: Metal Padat | H37: Metal Padat | I37: LKS 16 DRY | J37: 175 | K37: 5 | M37: 5 | N37: Nomor produksi tercoret/kurang jelas
A38: 36 | B38: 46178 | C38: 5 | E38: 007 | F38: SIR 20 | G38: Metal Padat | H38: Metal Padat | I38: LKS 18 DRY | J38: 70 | K38: 2 | M38: 5 | N38: Nomor produksi tercoret/kurang jelas
A39: 37 | B39: 46178 | C39: 5 | E39: 006 | F39: SIR 20 | G39: Metal Serbuk | H39: Metal Serbuk | I39: LKS 18 DRY | J39: 35 | K39: 1 | M39: 5 | N39: Nomor produksi tercoret/kurang jelas
A40: 38 | B40: 46178 | C40: 5 | E40: 009 | F40: SIR 20 | G40: White Spot | H40: White Spot | I40: LKS 18 DRY | J40: 420 | K40: 12 | M40: 5
A41: 39 | B41: 46178 | C41: 5 | E41: 010 | F41: SIR 20 | G41: White Spot | H41: White Spot | I41: LKS 18 DRY | J41: 1260 | K41: 36 | M41: 5
A42: 40 | B42: 46178 | C42: 5 | E42: 011 | F42: SIR 20 | G42: White Spot | H42: White Spot | I42: LKS 18 DRY | J42: 455 | K42: 13 | M42: 5
A43: 41 | B43: 46179 | C43: 5 | E43: 006 | F43: SIR 20 | G43: Metal Serbuk | H43: Metal Serbuk | I43: LKS 19 DRY | J43: 140 | K43: 4 | M43: 5
A44: 42 | B44: 46179 | C44: 5 | E44: 007 | F44: SIR 20 | G44: Metal Padat | H44: Metal Padat | I44: LKS 19 DRY | J44: 105 | K44: 3 | M44: 5
A45: 43 | B45: 46179 | C45: 5 | E45: 008 | F45: SIR 20 | G45: White Spot | H45: White Spot | I45: LKS 19 DRY | J45: 805 | K45: 23 | M45: 5 | N45: Nomor produksi kurang jelas
A46: 44 | B46: 46179 | C46: 5 | E46: 012 | F46: SIR 20 | G46: White Spot | H46: White Spot | I46: LKS 19 DRY | J46: 1260 | K46: 36 | M46: 5
A47: 45 | B47: 46179 | C47: 5 | E47: 013 | F47: SIR 20 | G47: White Spot | H47: White Spot | I47: LKS 19 DRY | J47: 700 | K47: 20 | M47: 5
A48: 46 | B48: 46181 | C48: 5 | E48: 006 | F48: SIR 20 | G48: Metal Serbuk | H48: Metal Serbuk | I48: LKS 20 DRY | J48: 70 | K48: 2 | M48: 1
A49: 47 | B49: 46181 | C49: 5 | E49: 007 | F49: SIR 20 | G49: Metal Padat | H49: Metal Padat | I49: LKS 20 DRY | J49: 280 | K49: 8 | M49: 1
A50: 48 | B50: 46181 | C50: 5 | E50: 013 | F50: SIR 20 | G50: White Spot | H50: White Spot | I50: LKS 20 DRY | J50: 560 | K50: 16 | M50: 1
A51: 49 | B51: 46181 | C51: 5 | E51: 014 | F51: SIR 20 | G51: White Spot | H51: White Spot | I51: LKS 20 DRY | J51: 245 | K51: 7 | M51: 1
A52: 50 | B52: 46182 | C52: 5 | E52: 006 | F52: SIR 20 | G52: Metal Serbuk | H52: Metal Serbuk | I52: LKS 21 DRY | J52: 105 | K52: 3 | M52: 1
A53: 51 | B53: 46182 | C53: 5 | E53: 007 | F53: SIR 20 | G53: Metal Padat | H53: Metal Padat | I53: LKS 21 DRY | J53: 70 | K53: 2 | M53: 1
A54: 52 | B54: 46182 | C54: 5 | E54: 014 | F54: SIR 20 | G54: White Spot | H54: White Spot | I54: LKS 22 DRY | J54: 735 | K54: 21 | M54: 1
A55: 53 | B55: 46182 | C55: 6 | E55: 006 | F55: SIR 20 | G55: Metal Serbuk | H55: Metal Serbuk | I55: LKS 21 DRY | J55: 980 | K55: 28 | M55: 1
A56: 54 | B56: 46182 | C56: 6 | E56: 016 | F56: SIR 20 | G56: Metal Serbuk | H56: Metal Serbuk | I56: LKS 21 DRY | J56: 805 | K56: 23 | M56: 1
A57: 55 | B57: 46182 | C57: 6 | E57: 007 | F57: SIR 20 | G57: Metal Padat | H57: Metal Padat | I57: LKS 21 DRY | J57: 315 | K57: 9 | M57: 1
... A59: 57 | B59: 46182 | C59: 6 | E59: 015 | F59: SIR 20 | G59: White Spot | H59: White Spot | I59: LKS 22 DRY | J59: 665 | K59: 19 | M59: 1
A60: 58 | B60: 46182 | C60: 6 | E60: 017 | F60: SIR 20 | G60: Metal Padat | H60: Metal Padat | I60: LKS 21 DRY | J60: 140 | M60: 1
A61: 59 | B61: 46183 | C61: 6 | E61: 016 | F61: SIR 20 | G61: Metal Serbuk | H61: Metal Serbuk | I61: LKS 24 DRY | J61: 420 | K61: 12 | M61: 1
A62: 60 | B62: 46183 | C62: 6 | E62: 017 | F62: SIR 20 | G62: Metal Padat | H62: Metal Padat | I62: LKS 24 DRY | J62: 525 | K62: 15 | M62: 1
A63: 61 | B63: 46183 | C63: 6 | E63: 018 | F63: SIR 20 | G63: Metal Serbuk | H63: Metal Serbuk | I63: LKS 24 DRY | J63: 35 | K63: 1 | M63: 1
A64: 62 | B64: 46183 | C64: 6 | E64: Dryer B | F64: SIR 20 | G64: MY out spec | H64: MY Out Spec | I64: LKS 23 DRY | L64: Out spec buyer Belshtmen | M64: 1 | N64: Jam 15:00
A65: 63 | B65: 46184 | C65: 6 | E65: Dryer B | F65: SIR 20 | G65: MY out spec | H65: MY Out Spec | I65: LKS 25 DRY | L65: Out spec buyer Belshtmen | M65: 1 | N65: Jam 12:30
A66: 64 | B66: 46184 | C66: 6 | E66: 017 | F66: SIR 20 | G66: Metal Padat | H66: Metal Padat | I66: LKS 26 DRY | J66: 280 | K66: 8 | M66: 1
A67: 65 | B67: 46184 | C67: 6 | E67: 018 | F67: SIR 20 | G67: Metal Serbuk | H67: Metal Serbuk | I67: LKS 26 DRY | J67: 315 | K67: 9 | M67: 1
A68: 66 | B68: 46184 | C68: 6 | E68: 015 | F68: SIR 20 | G68: White Spot | H68: White Spot | I68: LKS 27 DRY | J68: 385 | K68: 11 | M68: 1
A69: 67 | B69: 46184 | C69: 6 | E69: Dryer B | F69: SIR 20 | G69: Kontaminasi Plastik | H69: Kontaminasi | I69: LKS 28 DRY | L69: Batch 6 | M69: 2
A70: 68 | B70: 46185 | C70: 6 | E70: 015 | F70: SIR 20 | G70: White Spot | H70: White Spot | I70: LKS 29 DRY | J70: 105 | K70: 3 | M70: 2
A71: 69 | B71: 46188 | C71: 6 | E71: Dryer B | F71: SIR 20 | G71: MY out spec | H71: MY Out Spec | I71: LKS 30 DRY | L71: Out spec Buyer Belshtmen | M71: 2
A72: 70 | B72: 46188 | C72: 6 | E72: 017 | F72: SIR 20 | G72: Metal Padat | H72: Metal Padat | I72: LKS 31 DRY | J72: 140 | K72: 4 | M72: 2
A73: 71 | B73: 46188 | C73: 6 | E73: 018 | F73: SIR 20 | G73: Metal Serbuk | H73: Metal Serbuk | I73: LKS 31 DRY | J73: 35 | K73: 1 | M73: 2
A74: 72 | B74: 46188 | C74: 7 | E74: 017 | F74: SIR 20 | G74: Metal Padat | H74: Metal Padat | I74: LKS 31 DRY | J74: 35 | K74: 1 | M74: 2
A75: 73 | B75: 46190 | C75: 7 | E75: Dryer B | F75: SIR 20 | G75: MY out spec | H75: MY Out Spec | I75: LKS 32 DRY | L75: Out spec Buyer Belshtmen | M75: 2
A76: 74 | B76: 46190 | C76: 7 | E76: 017 | F76: SIR 20 | G76: Metal Padat | H76: Metal Padat | I76: LKS 33 DRY | J76: 70 | K76: 2 | M76: 2
A77: 75 | B77: 46191 | C77: 7 | E77: Dryer B | F77: SIR 20 | G77: MY out spec | H77: MY Out Spec | I77: LKS 34 DRY | L77: Out spec Buyer Belshtmen | M77: 2
A78: 76 | B78: 46191 | C78: 7 | E78: 017 | F78: SIR 20 | G78: Metal Padat | H78: Metal Padat | I78: LKS 35 DRY | J78: 175 | K78: 5 | M78: 2
A79: 77 | B79: 46191 | C79: 7 | E79: 018 | F79: SIR 20 | G79: Metal Serbuk | H79: Metal Serbuk | I79: LKS 35 DRY | J79: 35 | K79: 1 | M79: 2
A80: 78 | B80: 46191 | C80: 7 | E80: Dryer B | F80: SIR 20 | G80: Biskuit Kontaminasi | H80: Biskuit / Jamur | I80: LKS 36 DRY | J80: 102 | L80: 6 BH Bilbuis | M80: 2
A81: 79 | B81: 46192 | C81: 7 | E81: 018 | F81: SIR 20 | G81: Metal Serbuk | H81: Metal Serbuk | I81: LKS 37 DRY | J81: 210 | K81: 6 | M81: 2
A82: 80 | B82: 46192 | C82: 7 | E82: 017 | F82: SIR 20 | G82: Metal Padat | H82: Metal Padat | I82: LKS 37 DRY | J82: 35 | K82: 1 | M82: 2
A83: 81 | B83: 46192 | C83: 7 | E83: Dryer B | F83: SIR 20 | G83: MY out spec | H83: MY Out Spec | I83: LKS 38 DRY | L83: Out spec Buyer Belshtmen | M83: 2
A84: 82 | B84: 46214 | C84: 1 | E84: 004 | F84: SIR 20 | G84: Kontaminasi | H84: Kontaminasi | I84: LKS 39 DRY | J84: 280 | K84: 8 | M84: 6
A85: 83 | B85: 46214 | C85: 1 | E85: 017 | F85: SIR 20 | G85: Metal Padat | H85: Metal Padat | I85: LKS 39 DRY | J85: 140 | K85: 4 | M85: 6
A86: 84 | B86: 46214 | C86: 1 | E86: 018 | F86: SIR 20 | G86: Metal Serbuk | H86: Metal Serbuk | I86: LKS 39 DRY | J86: 35 | K86: 1 | M86: 6
A87: 85 | B87: 46218 | C87: 1 | E87: 004 | F87: SIR 20 | G87: Kontaminasi | H87: Kontaminasi | I87: LKS 40 DRY | J87: 35 | K87: 1 | M87: 6
A88: 86 | B88: 46218 | C88: 1 | E88: 017 | F88: SIR 20 | G88: Metal Padat | H88: Metal Padat | I88: LKS 40 DRY | J88: 35 | K88: 1 | M88: 6
A89: 87 | B89: 46218 | C89: 1 | E89: 018 | F89: SIR 20 | G89: Metal Serbuk | H89: Metal Serbuk | I89: LKS 40 DRY | J89: 35 | K89: 1 | M89: 6
A90: 88 | B90: 46219 | C90: 1 | E90: 004 | F90: SIR 20 | G90: Kontaminasi | H90: Kontaminasi | I90: LKS 41 DRY | J90: 35 | K90: 1 | M90: 6
A91: 89 | B91: 46219 | C91: 1 | E91: 017 | F91: SIR 20 | G91: Metal Padat | H91: Metal Padat | I91: LKS 41 DRY | J91: 105 | K91: 3 | M91: 6
A92: 90 | B92: 46219 | C92: 1 | E92: 018 | F92: SIR 20 | G92: Metal Serbuk | H92: Metal Serbuk | I92: LKS 41 DRY | J92: 245 | K92: 7 | M92: 6
A93: 91 | B93: 46220 | C93: 1 | E93: 004 | F93: SIR 20 | G93: Kontaminasi | H93: Kontaminasi | I93: LKS 42 DRY | J93: 35 | K93: 1 | M93: 6
A94: 92 | B94: 46220 | C94: 1 | E94: 017 | F94: SIR 20 | G94: Metal Padat | H94: Metal Padat | I94: LKS 42 DRY | J94: 105 | K94: 3 | M94: 6
A95: 93 | B95: 46220 | C95: 1 | E95: 018 | F95: SIR 20 | G95: Metal Serbuk | H95: Metal Serbuk | I95: LKS 42 DRY | J95: 70 | K95: 2 | M95: 6
... A107: 105 | B107: 46227 | C107: 2 | E107: 021 | F107: SIR 20 | G107: Metal Serbuk | H107: Metal Serbuk | I107: LKS 47 DRY | J107: 280 | K107: 8 | M107: 7
A108: 106 | B108: 46235 | C108: 3 | E108: 020 | F108: SIR 20 | G108: Metal Padat | H108: Metal Padat | I108: LKS 48 DRY | J108: 140 | K108: 4 | M108: 8 | N108: Nomor LKS terbaca '40', diasumsikan 48
A109: 107 | B109: 46235 | C109: 3 | E109: 021 | F109: SIR 20 | G109: Metal Serbuk | H109: Metal Serbuk | I109: LKS 48 DRY | J109: 70 | K109: 2 | M109: 8 | N109: Nomor LKS terbaca '40', diasumsikan 48
A110: 108 | B110: 46235 | C110: 3 | E110: 022 | F110: SIR 20 | G110: Metal Padat | H110: Metal Padat | I110: LKS 48 DRY | J110: 70 | K110: 2 | M110: 8 | N110: Nomor LKS terbaca '40', diasumsikan 48
A111: 109 | B111: 46269 | C111: 3 | E111: 021 | F111: SIR 20 | G111: Metal Serbuk | H111: Metal Serbuk | I111: LKS 49 DRY | J111: 70 | K111: 2 | M111: 10
A112: 110 | B112: 46269 | C112: 3 | E112: 022 | F112: SIR 20 | G112: Metal Padat | H112: Metal Padat | I112: LKS 49 DRY | J112: 525 | K112: 15 | M112: 10
...

Sheet No. Reject
B1: Data Produksi | O1: Dirt (%) | P1: Ash (%) | Q1: VM (%) | R1: P0 | S1: P30 | T1: PRI | U1: N | V1: Mooney Viscosity
M2: Belshina/Internal | N2: Min | O2: 0 | P2: 0 | Q2: 0 | R2: 30 | S2: 0 | T2: 50 | U2: 0 | V2: 70
N3: Max | O3: 0.16 | P3: 0.8 | Q3: 0.8 | R3: 100 | S3: 100 | T3: 100 | U3: 1 | V3: 83
D4: Kontaminasi | N4: Internal | O4: 0.13 | P4: 0.45 | Q4: 0.4 | R4: 30 | T4: 60 | U4: 0.25 | V4: 75.0-84.0
D5: WS | M5: SNI | N5: Min | O5: 0 | P5: 0 | Q5: 0 | R5: 30 | S5: 0 | T5: 50 | U5: 0
D6: Metal Padat | N6: Max | O6: 0.16 | P6: 0.8 | Q6: 0.8 | R6: 100 | S6: 100 | T6: 100 | U6: 1
D7: Metal Serbuk | N7: Internal | O7: =O6*80% -> 0.128 | P7: =P6*60% -> 0.48 | Q7: =Q6*70% -> 0.56 | R7: 32-38 | T7: 65 | U7: 0.25 | V7: 68-76
D8: Total
B9: Batch | C9: Production / Quality Control Double Check | L9: Laboratory
C10: Date of Dry Process | E10: Uraian Reject (Production) | F10: No Pallet (Reject) | G10: Berat (Kg) | H10: Jumlah Bale | I10: Solution | J10: Action | K10: Status | L10: Result Laboratory (Awal)
C11: Tanggal Awal | D11: Tanggal Akhir | L11: Date of Analyst | M11: Lot No | N11: Pallet No | O11: Dirt (%) | P11: Ash (%) | Q11: VM (%) | R11: P0 | S11: P30 | T11: PRI | U11: N | V11: Mooney Viscosity | W11: Status
B12: 28 | C12: 46161 | E12: Jamur (Biskuit) | F12: 1 | G12: 1365 | H12: =G12/35 -> 39 | N12: =F12 -> 1
B13: 28; 4 | C13: 46150 | D13: 46164 | E13: M. Serbuk | F13: 2 | G13: 980 | H13: 28 | N13: =F13 -> 2
B14: 28;4 | C14: 46150 | D14: 46176 | E14: M. Padat | F14: 3 | G14: 1015 | H14: 28 | N14: =F14 -> 3
B15: 27;28;1;2;3;10;9;11;12 | C15: 46149 | D15: 46291 | E15: Kontaminasi | F15: 4 | G15: 1015 | H15: 29 | N15: =F15 -> 4
B16: 4 | C16: 46167 | D16: 46176 | E16: M. Serbuk | F16: 5 | G16: 1050 | H16: 30 | N16: =F16 -> 5
B17: 5;6 | C17: 46176 | D17: 46182 | E17: M. Serbuk | F17: 6 | G17: 1540 | H17: =G17/35 -> 44 | N17: =F17 -> 6
B18: 5;7 | C18: 46176 | D18: 46182 | E18: M. Padat | F18: 7 | G18: 1435 | H18: =G18/35 -> 41 | N18: =F18 -> 7
B19: 5 | C19: 46176 | D19: 46179 | E19: White Spot | F19: 8 | G19: 2100 | H19: =G19/35 -> 60 | N19: =F19 -> 8
B20: 5 | C20: 46177 | D20: 46178 | E20: White Spot | F20: 9 | G20: 1295 | H20: =G20/35 -> 37 | N20: =F20 -> 9
B21: 5 | C21: 46178 | E21: White Spot | F21: 10 | G21: 1260 | H21: =G21/35 -> 36 | N21: =F21 -> 10
B22: 5 | C22: 46178 | E22: White Spot | F22: 11 | G22: 455 | H22: =G22/35 -> 13 | N22: =F22 -> 11
B23: 5 | C23: 46179 | E23: White Spot | F23: 12 | G23: 1260 | H23: =G23/35 -> 36 | N23: =F23 -> 12
B24: 5 | C24: 46179 | D24: 46181 | E24: White Spot | F24: 13 | G24: 1260 | H24: =G24/35 -> 36 | N24: =F24 -> 13
B25: 5;6 | C25: 46181 | D25: 46182 | E25: White Spot | F25: 14 | G25: 1295 | H25: =G25/35 -> 37 | N25: =F25 -> 14
B26: 6 | C26: 46182 | D26: 46185 | E26: White Spot | F26: 15 | G26: 1155 | H26: =G26/35 -> 33 | N26: =F26 -> 15
B27: 6 | C27: 46182 | D27: 46183 | E27: M. Serbuk | F27: 16 | G27: 1225 | H27: =G27/35 -> 35 | N27: =F27 -> 16
B28: 6;7;1;2 | C28: 46182 | D28: 46226 | E28: M. Padat | F28: 17 | G28: 2205 | H28: =G28/35 -> 63 | N28: =F28 -> 17
B29: 6;7;1;3 | C29: 46183 | D29: 46226 | E29: M. Serbuk | F29: 18 | G29: 1785 | H29: =G29/35 -> 51 | N29: =F29 -> 18
B30: 10;11 | C30: 46275 | D30: 46279 | E30: Jamur (Biskuit) | F30: 19 | G30: 560 | H30: =G30/35 -> 16 | N30: =F30 -> 19
B31: 2;3 | C31: 46226 | D31: 46235 | E31: M. Padat | F31: 20 | G31: 1260 | H31: =G31/35 -> 36 | N31: =F31 -> 20
B32: 2;3 | C32: 46226 | D32: 46273 | E32: M. Serbuk | F32: 21 | G32: 1260 | H32: =G32/35 -> 36 | N32: =F32 -> 21
B33: 3 | C33: 46235 | D33: 46273 | E33: M. Padat | F33: 22 | G33: 1260 | H33: =G33/35 -> 36 | N33: =F33 -> 22
B34: 3;9;10 | C34: 46273 | D34: 46279 | E34: M. Padat | F34: 23 | G34: 1260 | H34: =G34/35 -> 36 | N34: =F34 -> 23
B35: 3;9;10;11 | C35: 46273 | D35: 46283 | E35: M. Serbuk | F35: 24 | G35: 1260 | H35: =G35/35 -> 36 | N35: =F35 -> 24
B36: 9;11 | C36: 46279 | D36: 46283 | E36: M. Padat | F36: 25 | G36: 1260 | H36: =G36/35 -> 36 | N36: =F36 -> 25
B37: 11;12;13 | C37: 46283 | D37: 46294 | E37: M. Padat | F37: 26 | G37: 1260 | H37: =G37/35 -> 36 | N37: =F37 -> 26
B38: 11 | C38: 46283 | E38: M. Serbuk | F38: 27 | G38: 1260 | H38: =G38/35 -> 36 | N38: =F38 -> 27
B39: 11 | C39: 46283 | D39: 46286 | E39: M. Serbuk | F39: 28 | G39: 1260 | H39: =G39/35 -> 36 | N39: =F39 -> 28
B40: 11 | C40: 46286 | E40: M. Serbuk | F40: 29 | G40: 1260 | H40: =G40/35 -> 36 | N40: =F40 -> 29
B41: 11 | C41: 46286 | D41: 46287 | E41: M. Serbuk | F41: 30 | G41: 1260 | H41: =G41/35 -> 36 | N41: =F41 -> 30
B42: 11;12 | C42: 46287 | E42: M. Serbuk | F42: 31 | G42: 1260 | H42: =G42/35 -> 36 | N42: =F42 -> 31
B43: 12 | C43: 46287 | E43: M. Serbuk | F43: 32 | G43: 1260 | H43: =G43/35 -> 36 | N43: =F43 -> 32
B44: 12 | C44: 46287 | D44: 46289 | E44: M. Serbuk | F44: 33 | G44: 1288 | H44: =G44/35 -> 36.8 | N44: =F44 -> 33
B45: 12 | C45: 46289 | D45: 46291 | E45: M. Serbuk | F45: 34 | G45: 1330 | H45: =G45/35 -> 38 | N45: =F45 -> 34
B46: 12;13 | C46: 46291 | D46: 46294 | E46: M. Serbuk | F46: 35 | G46: 1015 | H46: =G46/35 -> 29 | N46: =F46 -> 35
B47: 13 | C47: 46294 | E47: M. Padat | F47: 36 | G47: 105 | H47: =G47/35 -> 3 | N47: =F47 -> 36
F48: 37 | H48: =G48/35 -> 0 | N48: =F48 -> 37

Sheet Lab
A1: Batch | B1: Dry Process / Laboratory | V1: Quality Control (I) | AU1: Status | AV1: Quality Control (II) / Before Wrapping / PDI II | BH1: Finish Good / Gudang
B2: Process ke-n | C2: Date of Dry Process | D2: Days | E2: Dryer Machine No | F2: Result Laboratory (Awal) | V2: Result Laboratory (Re-Test) / All Re-Test Date | AI2: Pre Deliver Inspection (PDI) | AV2: Tanggal PDI | AW2: Lot No | AX2: Pallet No | AY2: Kontaminasi | AZ2: WS | BA2: Jamur | BB2: Pallet | BC2: Packing | BD2: Status | BE2: Keterangan | BF2: BA-QC | BG2: Hal | BH2: Date of Export | BI2: No (Produksi / Awal) | BK2: No (Export / Akhir) | BM2: Status | BN2: BA-FG/QC | BO2: Keterangan | BP2: Hal
F3: Date of Analyst | I3: Lot No | J3: Pallet No | K3: Dirt (%) | L3: Ash (%) | M3: VM (%) | N3: P0 | O3: P30 | P3: PRI | Q3: N | R3: Mooney Viscosity | S3: Buyer | T3: Status | U3: Keterangan | V3: Date of Re-Test | W3: Lot No | X3: Pallet No | Y3: Dirt (%) | Z3: Ash (%) | AA3: VM (%) | AB3: P0 | AC3: P30 | AD3: PRI | AE3: N | AF3: Mooney Viscosity | AG3: Buyer | AH3: Status | AI3: Tanggal PDI | AJ3: Kontaminasi | AK3: WS | AL3: Jamur | AM3: VM | AN3: Pallet | AO3: Buyer | AP3: Status | AQ3: Keterangan | AR3: Solusi | AS3: Action | AT3: Plan | AU3: Lab, Re-Test, PDI | BI3: No Lot | BJ3: No Pallet | BK3: No Lot | BL3: No Pallet
A5: 27 | B5: 1 | C5: 46142 | D5: =BH5-C5 -> -46142 | E5: A | F5: =C5 -> 46142 | G5: - | H5: =F5+2 -> 46144 | I5: 1 | J5: 1 | K5: 0.1075 | L5: 0.2825 | M5: 0.25 | N5: 40.5 | O5: =N5*P5/100 -> 30.243375 | P5: 74.675 | Q5: 0.23 | R5: 74.5 | S5: SNI | T5: Ok | V5: 46171 | W5: =I5 -> 1 | X5: =J5 -> 1 | AF5: 78.5 | AG5: Belshina | AH5: Ok | AI5: 46171 | AJ5: P | AO5: =AG5 -> Belshina | AP5: Reject | AQ5: RnD (Oxalid Acid) | AR5: Re-Condition | AU5: =IF(OR(T5="Reject",AH5="Reject",AP5="Reject"),"Reject",IF(OR(T5="Hold",AH5="Hold",AP2="Hold"),"Hold","Ok")) -> Reject | AV5: 46171 | AW5: =I5 -> 1 | AX5: =J5 -> 1 | AY5: P | BE5: RnD (Oxalid Acid) | BI5: =AW5 -> 1 | BJ5: =AX5 -> 1
A6: 27 | B6: 2-3 | C6: 46146 | D6: =BH6-C6 -> 88 | E6: A | F6: =C6 -> 46146 | G6: - | H6: =F6+2 -> 46148 | I6: 1 | J6: 2 | K6: 0.10525 | L6: 0.275 | M6: 0.23 | N6: 41.5 | O6: =N6*P6/100 -> 30.295 | P6: 73 | Q6: 0.23 | R6: 74.5 | S6: SNI | T6: Ok | V6: 29/5; 23/7/2026 | W6: =I6 -> 1 | X6: =J6 -> 2 | AB6: 43 | AC6: 28.81 | AD6: 67 | AF6: 76.5; 90 | AG6: Belshina | AH6: Ok | AI6: 46171 | AO6: =AG6 -> Belshina | AP6: OK | AU6: =IF(OR(T6="Reject",AH6="Reject",AP6="Reject"),"Reject",IF(OR(T6="Hold",AH6="Hold",AP3="Hold"),"Hold","Ok")) -> Ok | AV6: 46171 | AW6: =I6 -> 1 | AX6: =J6 -> 2 | BH6: 46234 | BI6: =AW6 -> 1 | BJ6: =AX6 -> 2 | BK6: 1 | BL6: 1 | BM6: P
A7: 27 | B7: 4 | C7: 46147 | D7: =BH7-C7 -> 87 | E7: A | F7: =C7 -> 46147 | G7: - | H7: =F7+2 -> 46149 | I7: 1 | J7: 3 | K7: 0.10875 | L7: 0.2775 | M7: 0.32 | N7: 39.25 | O7: =N7*P7/100 -> 28.240375 | P7: 71.95 | Q7: 0.23 | R7: 74.5 | S7: SNI | T7: Ok | V7: 29/5; 23/7/2026 | W7: =I7 -> 1 | X7: =J7 -> 3 | AF7: 73.5; 86 | AG7: =S7 -> SNI | AH7: Ok | AI7: 46171 | AO7: =AG7 -> SNI | AP7: OK | AU7: =IF(OR(T7="Reject",AH7="Reject",AP7="Reject"),"Reject",IF(OR(T7="Hold",AH7="Hold",AP4="Hold"),"Hold","Ok")) -> Ok | AV7: 46171 | AW7: =I7 -> 1 | AX7: =J7 -> 3 | BH7: 46234 | BI7: =AW7 -> 1 | BJ7: =AX7 -> 3 | BK7: 1 | BL7: 2 | BM7: P
A8: 27 | B8: 4-6 | C8: 46148 | D8: =BH8-C8 -> 86 | E8: A | F8: =C8 -> 46148 | G8: - | H8: =F8+2 -> 46150 | I8: 1 | J8: 4 | K8: 0.10875 | L8: 0.28 | M8: 0.27 | N8: 37.25 | O8: =N8*P8/100 -> 27.015563 | P8: 72.525 | Q8: 0.23 | R8: 74.5 | S8: SNI | T8: Ok | V8: 29/5; 23/7/2026 | W8: =I8 -> 1 | X8: =J8 -> 4 | AB8: 42 | AC8: 29.82 | AD8: 71 | AF8: 76; 85 | AG8: Belshina | AH8: Ok | AI8: 46171 | AO8: =AG8 -> Belshina | AP8: OK | AU8: =IF(OR(T8="Reject",AH8="Reject",AP8="Reject"),"Reject",IF(OR(T8="Hold",AH8="Hold",AP5="Hold"),"Hold","Ok")) -> Ok | AV8: 46171 | AW8: =I8 -> 1 | AX8: =J8 -> 4 | BH8: 46234 | BI8: =AW8 -> 1 | BJ8: =AX8 -> 4 | BK8: 1 | BL8: 3 | BM8: P
A9: 28 | B9: 7 | C9: 46150 | D9: =BH9-C9 -> 84 | E9: B | F9: =C9 -> 46150 | G9: - | H9: =F9+2 -> 46152 | I9: 1 | J9: 5 | K9: 0.1065 | L9: 0.3075 | M9: 0.4 | N9: 38.75 | O9: =N9*P9/100 -> 27.24125 | P9: 70.3 | Q9: 0.23 | R9: 71.5 | S9: SNI | T9: Ok | V9: 25/5; 23/7/2026 | W9: =I9 -> 1 | X9: =J9 -> 5 | AB9: 38 | AC9: 25.992 | AD9: 68.4 | AF9: 68.5; 82 | AG9: =S9 -> SNI | AH9: Ok | AI9: 46171 | AO9: =AG9 -> SNI | AP9: OK | AU9: =IF(OR(T9="Reject",AH9="Reject",AP9="Reject"),"Reject",IF(OR(T9="Hold",AH9="Hold",AP6="Hold"),"Hold","Ok")) -> Ok | AV9: 46171 | AW9: =I9 -> 1 | AX9: =J9 -> 5 | BH9: 46234 | BI9: =AW9 -> 1 | BJ9: =AX9 -> 5 | BK9: 1 | BL9: 4 | BM9: P
A10: 28 | B10: 7 | C10: 46150 | D10: =BH10-C10 -> -46150 | E10: B | F10: =C10 -> 46150 | G10: - | H10: =F10+2 -> 46152 | I10: 1 | J10: 6 | K10: 0.10875 | L10: 0.2975 | M10: 0.34 | N10: 37.5 | O10: =N10*P10/100 -> 26.75625 | P10: 71.35 | Q10: 0.23 | R10: 71.5 | S10: SNI | T10: Ok | V10: 25/5; 23/7/2026 | W10: =I10 -> 1 | X10: =J10 -> 6 | AB10: 36 | AC10: 24.984 | AD10: 69.4 | AF10: 74; 87 | AG10: =S10 -> SNI | AH10: Ok | AI10: 46240 | AL10: P | AO10: =AG10 -> SNI | AP10: Reject | AQ10: Jamur | AU10: =IF(OR(T10="Reject",AH10="Reject",AP10="Reject"),"Reject",IF(OR(T10="Hold",AH10="Hold",AP7="Hold"),"Hold","Ok")) -> Reject | AV10: 46171 | AW10: =I10 -> 1 | AX10: =J10 -> 6 | BA10: P | BD10: Reject | BE10: Jamur | BF10: BA-005/QC | BG10: Sortir | BI10: =AW10 -> 1 | BJ10: =AX10 -> 6 | BN10: BA-003/FG | BO10: Jamur | BP10: Alokasi No
A11: 28 | B11: 7 | C11: 46150 | D11: =BH11-C11 -> -46150 | E11: B | F11: =C11 -> 46150 | G11: - | H11: =F11+2 -> 46152 | I11: 1 | J11: 7 | K11: 0.105575 | L11: 0.34 | M11: 0.35 | N11: 36 | O11: =N11*P11/100 -> 26.487 | P11: 73.575 | Q11: 0.23 | R11: 71.5 | S11: SNI | T11: Ok | V11: 25/5; 23/7/2026 | W11: =I11 -> 1 | X11: =J11 -> 7 | AB11: 36 | AC11: 24.984 | AD11: 69.4 | AF11: 66.5; 78 | AG11: =S11 -> SNI | AH11: Ok | AI11: 46239 | AL11: P | AO11: =AG11 -> SNI | AP11: Reject | AQ11: Jamur | AU11: =IF(OR(T11="Reject",AH11="Reject",AP11="Reject"),"Reject",IF(OR(T11="Hold",AH11="Hold",AP8="Hold"),"Hold","Ok")) -> Reject | AV11: 46171 | AW11: =I11 -> 1 | AX11: =J11 -> 7 | BA11: P | BD11: Reject | BE11: Jamur | BF11: BA-005/QC | BG11: Sortir | BI11: =AW11 -> 1 | BJ11: =AX11 -> 7 | BN11: BA-003/FG | BO11: Jamur | BP11: Alokasi No
A12: 28 | B12: 7-8 | C12: 46151 | D12: =BH12-C12 -> 84 | E12: B | F12: =C12 -> 46151 | G12: - | H12: =F12+2 -> 46153 | I12: 1 | J12: 8 | K12: 0.10925 | L12: 0.3125 | M12: 0.35 | N12: 37.25 | O12: =N12*P12/100 -> 27.4905 | P12: 73.8 | Q12: 0.23 | R12: 71.5 | S12: SNI | T12: Ok | V12: 25/5; 23/7/2026 | W12: =I12 -> 1 | X12: =J12 -> 8 | AB12: 38; 38 | AC12: 25; 28.1 | AD12: 65.8; 74 | AF12: 75; 84 | AG12: Belshina | AH12: Ok | AI12: 46171 | AO12: =AG12 -> Belshina | AP12: OK | AU12: =IF(OR(T12="Reject",AH12="Reject",AP12="Reject"),"Reject",IF(OR(T12="Hold",AH12="Hold",AP9="Hold"),"Hold","Ok")) -> Ok | AV12: 46171 | AW12: =I12 -> 1 | AX12: =J12 -> 8 | BH12: 46235 | BI12: =AW12 -> 1 | BJ12: =AX12 -> 8 | BK12: 3 | BL12: 21 | BM12: P
A13: 28 | B13: 8-9 | C13: 46153 | D13: =BH13-C13 -> 81 | E13: B | F13: =C13 -> 46153 | G13: - | H13: =F13+2 -> 46155 | I13: 2 | J13: 9 | K13: 0.1125 | L13: 0.3125 | M13: 0.31 | N13: 38.75 | O13: =N13*P13/100 -> 28.239062 | P13: 72.875 | Q13: 0.21 | R13: 71 | S13: SNI | T13: Ok | V13: 30/5; 23/7/2026 | W13: =I13 -> 2 | X13: =J13 -> 9 | AF13: 74.5; 81 | AG13: =S13 -> SNI | AH13: Ok | AI13: 46171 | AO13: =AG13 -> SNI | AP13: OK | AU13: =IF(OR(T13="Reject",AH13="Reject",AP13="Reject"),"Reject",IF(OR(T13="Hold",AH13="Hold",AP10="Hold"),"Hold","Ok")) -> Ok | AV13: 46171 | AW13: =I13 -> 2 | AX13: =J13 -> 9 | BH13: 46234 | BI13: =AW13 -> 2 | BJ13: =AX13 -> 9 | BK13: 1 | BL13: 5 | BM13: P
A14: 28 | B14: 9 | C14: 46153 | D14: =BH14-C14 -> 113 | E14: B | F14: =C14 -> 46153 | G14: - | H14: =F14+2 -> 46155 | I14: 2 | J14: 10 | K14: 0.117 | L14: 0.3375 | M14: 0.38 | N14: 37.75 | O14: =N14*P14/100 -> 26.981812 | P14: 71.475 | Q14: 0.21 | R14: 71 | S14: SNI | T14: Ok | V14: 30/5; 23/7/2026 | W14: =I14 -> 2 | X14: =J14 -> 10 | AB14: 42 | AC14: 28.98 | AD14: 69 | AF14: 77; 89 | AG14: Belshina | AH14: Ok | AI14: 46240 | AL14: P | AO14: =AG14 -> Belshina | AP14: Reject | AQ14: Jamur | AU14: =IF(OR(T14="Reject",AH14="Reject",AP14="Reject"),"Reject",IF(OR(T14="Hold",AH14="Hold",AP11="Hold"),"Hold","Ok")) -> Reject | AV14: 46171 | AW14: =I14 -> 2 | AX14: =J14 -> 10 | BA14: P | BD14: Reject | BE14: Jamur | BF14: BA-005/QC | BG14: Sortir | BH14: 46266 | BI14: =AW14 -> 2 | BJ14: =AX14 -> 10 | BK14: 19 | BL14: 160 | BM14: P | BN14: BA-003/FG | BO14: Jamur | BP14: Alokasi No
A15: 28 | B15: 9 | C15: 46153 | D15: =BH15-C15 -> 91 | E15: B | F15: =C15 -> 46153 | G15: - | H15: =F15+2 -> 46155 | I15: 2 | J15: 11 | K15: 0.114 | L15: 0.3525 | M15: 0.4 | N15: 37.25 | O15: =N15*P15/100 -> 27.4905 | P15: 73.8 | Q15: 0.21 | R15: 71 | S15: SNI | T15: Ok | V15: 30/5; 23/7/2026 | W15: =I15 -> 2 | X15: =J15 -> 11 | AF15: 73; 80 | AG15: =S15 -> SNI | AH15: Ok | AI15: 46239 | AL15: P | AO15: =AG15 -> SNI | AP15: Reject | AQ15: Jamur | AU15: =IF(OR(T15="Reject",AH15="Reject",AP15="Reject"),"Reject",IF(OR(T15="Hold",AH15="Hold",AP12="Hold"),"Hold","Ok")) -> Reject | AV15: 46171 | AW15: =I15 -> 2 | AX15: =J15 -> 11 | BA15: P | BD15: Reject | BE15: Jamur | BF15: BA-005/QC | BG15: Sortir | BH15: 46244 | BI15: =AW15 -> 2 | BJ15: =AX15 -> 11 | BK15: 11 | BL15: 85 | BM15: P | BN15: BA-003/FG | BO15: OK | BP15: Alokasi No
A16: 28 | B16: 9 | C16: 46153 | D16: =BH16-C16 -> 81 | E16: B | F16: =C16 -> 46153 | G16: - | H16: =F16+2 -> 46155 | I16: 2 | J16: 12 | K16: 0.114 | L16: 0.3175 | M16: 0.37 | N16: 41 | O16: =N16*P16/100 -> 28.99725 | P16: 70.725 | Q16: 0.21 | R16: 71 | S16: SNI | T16: Ok | V16: 29/5; 23/7/2026 | W16: =I16 -> 2 | X16: =J16 -> 12 | AF16: 74; 88 | AG16: =S16 -> SNI | AH16: Ok | AI16: 46171 | AO16: =AG16 -> SNI | AP16: OK | AU16: =IF(OR(T16="Reject",AH16="Reject",AP16="Reject"),"Reject",IF(OR(T16="Hold",AH16="Hold",AP13="Hold"),"Hold","Ok")) -> Ok | AV16: 46171 | AW16: =I16 -> 2 | AX16: =J16 -> 12 | BH16: 46234 | BI16: =AW16 -> 2 | BJ16: =AX16 -> 12 | BK16: 1 | BL16: 6 | BM16: P
A17: 28 | B17: 9 | C17: 46153 | D17: =BH17-C17 -> 81 | E17: B | F17: =C17 -> 46153 | G17: - | H17: =F17+2 -> 46155 | I17: 2 | J17: 13 | K17: 0.1155 | L17: 0.31 | M17: 0.39 | N17: 40.25 | O17: =N17*P17/100 -> 29.000125 | P17: 72.05 | Q17: 0.21 | R17: 73 | S17: SNI | T17: Ok | V17: 29/5; 23/7/2026 | W17: =I17 -> 2 | X17: =J17 -> 13 | AF17: 73.5; 83 | AG17: =S17 -> SNI | AH17: Ok | AI17: 46171 | AO17: =AG17 -> SNI | AP17: OK | AU17: =IF(OR(T17="Reject",AH17="Reject",AP17="Reject"),"Reject",IF(OR(T17="Hold",AH17="Hold",AP14="Hold"),"Hold","Ok")) -> Ok | AV17: 46171 | AW17: =I17 -> 2 | AX17: =J17 -> 13 | BH17: 46234 | BI17: =AW17 -> 2 | BJ17: =AX17 -> 13 | BK17: 1 | BL17: 7 | BM17: P
A18: 28 | B18: 9 | C18: 46153 | D18: =BH18-C18 -> 81 | E18: B | F18: =C18 -> 46153 | G18: - | H18: =F18+2 -> 46155 | I18: 2 | J18: 14 | K18: 0.113 | L18: 0.3175 | M18: 0.32 | N18: 40.75 | O18: =N18*P18/100 -> 29.7475 | P18: 73 | Q18: 0.21 | R18: 73 | S18: SNI | T18: Ok | V18: 29/5; 23/7/2026 | W18: =I18 -> 2 | X18: =J18 -> 14 | AB18: 40 | AC18: 28 | AD18: 70 | AF18: 76; 82 | AG18: Belshina | AH18: Ok | AI18: 46171 | AO18: =AG18 -> Belshina | AP18: OK | AU18: =IF(OR(T18="Reject",AH18="Reject",AP18="Reject"),"Reject",IF(OR(T18="Hold",AH18="Hold",AP15="Hold"),"Hold","Ok")) -> Ok | AV18: 46171 | AW18: =I18 -> 2 | AX18: =J18 -> 14 | BH18: 46234 | BI18: =AW18 -> 2 | BJ18: =AX18 -> 14 | BK18: 1 | BL18: 8 | BM18: P
A19: 28 | B19: 9 | C19: 46153 | D19: =BH19-C19 -> 81 | E19: B | F19: =C19 -> 46153 | G19: - | H19: =F19+2 -> 46155 | I19: 2 | J19: 15 | K19: 0.115 | L19: 0.3325 | M19: 0.28 | N19: 39.5 | O19: =N19*P19/100 -> 28.943625 | P19: 73.275 | Q19: 0.21 | R19: 73 | S19: SNI | T19: Ok | V19: 29/5; 23/7/2026 | W19: =I19 -> 2 | X19: =J19 -> 15 | AF19: 71.5; 78 | AG19: =S19 -> SNI | AH19: Ok | AI19: 46171 | AO19: =AG19 -> SNI | AP19: OK | AU19: =IF(OR(T19="Reject",AH19="Reject",AP19="Reject"),"Reject",IF(OR(T19="Hold",AH19="Hold",AP16="Hold"),"Hold","Ok")) -> Ok | AV19: 46171 | AW19: =I19 -> 2 | AX19: =J19 -> 15 | BH19: 46234 | BI19: =AW19 -> 2 | BJ19: =AX19 -> 15 | BK19: 2 | BL19: 9 | BM19: P
A20: 28 | B20: 10 | C20: 46154 | D20: =BH20-C20 -> 80 | E20: B | F20: =C20 -> 46154 | G20: - | H20: =F20+2 -> 46156 | I20: 2 | J20: 16 | K20: 0.11175 | L20: 0.305 | M20: 0.34 | N20: 38 | O20: =N20*P20/100 -> 31.0365 | P20: 81.675 | Q20: 0.21 | R20: 73 | S20: SNI | T20: Ok | V20: 29/5; 23/7/2026 | W20: =I20 -> 2 | X20: =J20 -> 16 | AF20: 73; 72 | AG20: =S20 -> SNI | AH20: Ok | AI20: 46171 | AO20: =AG20 -> SNI | AP20: OK | AU20: =IF(OR(T20="Reject",AH20="Reject",AP20="Reject"),"Reject",IF(OR(T20="Hold",AH20="Hold",AP17="Hold"),"Hold","Ok")) -> Ok | AV20: 46171 | AW20: =I20 -> 2 | AX20: =J20 -> 16 | BH20: 46234 | BI20: =AW20 -> 2 | BJ20: =AX20 -> 16 | BK20: 2 | BL20: 10 | BM20: P
A21: 28 | B21: 10 | C21: 46154 | D21: =BH21-C21 -> 80 | E21: B | F21: =C21 -> 46154 | G21: - | H21: =F21+2 -> 46156 | I21: 3 | J21: 17 | K21: 0.11125 | L21: 0.3 | M21: 0.29 | N21: 38.5 | O21: =N21*P21/100 -> 27.9895 | P21: 72.7 | Q21: 0.22 | R21: 73 | S21: SNI | T21: Ok | V21: 29/5; 23/7/2026 | W21: =I21 -> 3 | X21: =J21 -> 17 | AF21: 68.5; 86 | AG21: =S21 -> SNI | AH21: Ok | AI21: 46171 | AO21: =AG21 -> SNI | AP21: OK | AU21: =IF(OR(T21="Reject",AH21="Reject",AP21="Reject"),"Reject",IF(OR(T21="Hold",AH21="Hold",AP18="Hold"),"Hold","Ok")) -> Ok | AV21: 46171 | AW21: =I21 -> 3 | AX21: =J21 -> 17 | BH21: 46234 | BI21: =AW21 -> 3 | BJ21: =AX21 -> 17 | BK21: 2 | BL21: 11 | BM21: P
A22: 28 | B22: 10 | C22: 46154 | D22: =BH22-C22 -> 80 | E22: B | F22: =C22 -> 46154 | G22: - | H22: =F22+2 -> 46156 | I22: 3 | J22: 18 | K22: 0.113 | L22: 0.2875 | M22: 0.26 | N22: 37.75 | O22: =N22*P22/100 -> 27.472563 | P22: 72.775 | Q22: 0.22 | R22: 73 | S22: SNI | T22: Ok | V22: 29/5; 23/7/2026 | W22: =I22 -> 3 | X22: =J22 -> 18 | AB22: 41 | AC22: 27.88 | AD22: 68 | AF22: 75; 78 | AG22: Belshina | AH22: Ok | AI22: 46171 | AO22: =AG22 -> Belshina | AP22: OK | AU22: =IF(OR(T22="Reject",AH22="Reject",AP22="Reject"),"Reject",IF(OR(T22="Hold",AH22="Hold",AP19="Hold"),"Hold","Ok")) -> Ok | AV22: 46171 | AW22: =I22 -> 3 | AX22: =J22 -> 18 | BH22: 46234 | BI22: =AW22 -> 3 | BJ22: =AX22 -> 18 | BK22: 2 | BL22: 12 | BM22: P
A23: 28 | B23: 10 | C23: 46154 | D23: =BH23-C23 -> 80 | E23: B | F23: =C23 -> 46154 | G23: - | H23: =F23+2 -> 46156 | I23: 3 | J23: 19 | K23: 0.1155 | L23: 0.29 | M23: 0.3 | N23: 39.75 | O23: =N23*P23/100 -> 27.258563 | P23: 68.575 | Q23: 0.22 | R23: 73 | S23: SNI | T23: Ok | V23: 29/5; 23/7/2026 | W23: =I23 -> 3 | X23: =J23 -> 19 | AF23: 74; 84 | AG23: =S23 -> SNI | AH23: Ok | AI23: 46171 | AO23: =AG23 -> SNI | AP23: OK | AU23: =IF(OR(T23="Reject",AH23="Reject",AP23="Reject"),"Reject",IF(OR(T23="Hold",AH23="Hold",AP20="Hold"),"Hold","Ok")) -> Ok | AV23: 46171 | AW23: =I23 -> 3 | AX23: =J23 -> 19 | BH23: 46234 | BI23: =AW23 -> 3 | BJ23: =AX23 -> 19 | BK23: 2 | BL23: 13 | BM23: P
A24: 28 | B24: 10 | C24: 46154 | D24: =BH24-C24 -> 80 | E24: B | F24: =C24 -> 46154 | G24: - | H24: =F24+2 -> 46156 | I24: 3 | J24: 20 | K24: 0.11475 | L24: 0.3 | M24: 0.27 | N24: 38.5 | O24: =N24*P24/100 -> 25.997125 | P24: 67.525 | Q24: 0.22 | R24: 73 | S24: SNI | T24: Ok | V24: 29/5; 23/7/2026 | W24: =I24 -> 3 | X24: =J24 -> 20 | AB24: 38 | AC24: 28.12 | AD24: 74 | AF24: 75; 86 | AG24: Belshina | AH24: Ok | AI24: 46171 | AO24: =AG24 -> Belshina | AP24: OK | AU24: =IF(OR(T24="Reject",AH24="Reject",AP24="Reject"),"Reject",IF(OR(T24="Hold",AH24="Hold",AP21="Hold"),"Hold","Ok")) -> Ok | AV24: 46171 | AW24: =I24 -> 3 | AX24: =J24 -> 20 | BH24: 46234 | BI24: =AW24 -> 3 | BJ24: =AX24 -> 20 | BK24: 2 | BL24: 14 | BM24: P
A25: 28 | B25: 10 | C25: 46154 | D25: =BH25-C25 -> 80 | E25: B | F25: =C25 -> 46154 | G25: - | H25: =F25+2 -> 46156 | I25: 3 | J25: 21 | K25: 0.1175 | L25: 0.31 | M25: 0.37 | N25: 38.25 | O25: =N25*P25/100 -> 26.794125 | P25: 70.05 | Q25: 0.22 | R25: 74 | S25: SNI | T25: Ok | V25: 29/5; 23/7/2026 | W25: =I25 -> 3 | X25: =J25 -> 21 | AF25: 74; 74 | AG25: =S25 -> SNI | AH25: Ok | AI25: 46171 | AO25: =AG25 -> SNI | AP25: OK | AU25: =IF(OR(T25="Reject",AH25="Reject",AP25="Reject"),"Reject",IF(OR(T25="Hold",AH25="Hold",AP22="Hold"),"Hold","Ok")) -> Ok | AV25: 46171 | AW25: =I25 -> 3 | AX25: =J25 -> 21 | BH25: 46234 | BI25: =AW25 -> 3 | BJ25: =AX25 -> 21 | BK25: 2 | BL25: 15 | BM25: P
A26: 28 | B26: 10-11 | C26: 46155 | D26: =BH26-C26 -> 127 | E26: B | F26: =C26 -> 46155 | G26: - | H26: =F26+2 -> 46157 | I26: 3 | J26: 22 | K26: 0.11225 | L26: 0.315 | M26: 0.35 | N26: 35.5 | O26: =N26*P26/100 -> 24.992 | P26: 70.4 | Q26: 0.22 | R26: 74 | S26: SNI | T26: Ok | V26: 29/5; 23/7/2026 | W26: =I26 -> 3 | X26: =J26 -> 22 | AF26: 73;79 | AG26: =S26 -> SNI | AH26: Ok | AI26: 46240 | AL26: P | AO26: =AG26 -> SNI | AP26: Reject | AQ26: Jamur | AU26: =IF(OR(T26="Reject",AH26="Reject",AP26="Reject"),"Reject",IF(OR(T26="Hold",AH26="Hold",AP23="Hold"),"Hold","Ok")) -> Reject | AV26: 46171 | AW26: =I26 -> 3 | AX26: =J26 -> 22 | BA26: P | BD26: Reject | BE26: Jamur | BF26: BA-005/QC | BG26: Sortir | BH26: 46282 | BI26: =AW26 -> 3 | BJ26: =AX26 -> 22 | BK26: 23 | BL26: 192 | BM26: P | BN26: BA-002/FG | BO26: Jamur | BP26: Alokasi No
A27: 28 | B27: 11-12 | C27: 46157 | D27: =BH27-C27 -> -46157 | E27: B | F27: =C27 -> 46157 | G27: - | H27: =F27+2 -> 46159 | I27: 3 | J27: 23 | K27: 0.11075 | L27: 0.3325 | M27: 0.35 | N27: 38.25 | O27: =N27*P27/100 -> 27.090563 | P27: 70.825 | Q27: 0.22 | R27: 74 | S27: SNI | T27: Ok | V27: 29/5; 23/7/2026 | W27: =I27 -> 3 | X27: =J27 -> 23 | AF27: 74.5;79 | AG27: =S27 -> SNI | AH27: Ok | AI27: 46240 | AL27: P | AO27: =AG27 -> SNI | AP27: Reject | AQ27: Jamur | AU27: =IF(OR(T27="Reject",AH27="Reject",AP27="Reject"),"Reject",IF(OR(T27="Hold",AH27="Hold",AP24="Hold"),"Hold","Ok")) -> Reject | AV27: 46171 | AW27: =I27 -> 3 | AX27: =J27 -> 23 | BA27: P | BD27: Reject | BE27: Jamur | BF27: BA-005/QC | BG27: Sortir | BI27: =AW27 -> 3 | BJ27: =AX27 -> 23 | BN27: BA-003/FG | BO27: Jamur | BP27: Alokasi No
A28: 28 | B28: 12 | C28: 46157 | D28: =BH28-C28 -> 131 | E28: B | F28: =C28 -> 46157 | G28: - | H28: =F28+2 -> 46159 | I28: 3 | J28: 24 | K28: 0.10925 | L28: 0.335 | M28: 0.38 | N28: 40.5 | O28: =N28*P28/100 -> 28.258875 | P28: 69.775 | Q28: 0.22 | R28: 74 | S28: SNI | T28: Ok | V28: 29/5; 23/7/2026 | W28: =I28 -> 3 | X28: =J28 -> 24 | AF28: 74.5; 84 | AG28: =S28 -> SNI | AH28: Ok | AI28: 46240 | AL28: P | AO28: =AG28 -> SNI | AP28: Reject | AQ28: Jamur | AU28: =IF(OR(T28="Reject",AH28="Reject",AP28="Reject"),"Reject",IF(OR(T28="Hold",AH28="Hold",AP25="Hold"),"Hold","Ok")) -> Reject | AV28: 46171 | AW28: =I28 -> 3 | AX28: =J28 -> 24 | BA28: P | BD28: Reject | BE28: Jamur | BF28: BA-005/QC | BG28: Sortir | BH28: 46288 | BI28: =AW28 -> 3 | BJ28: =AX28 -> 24 | BK28: 27 | BL28: 237 | BN28: BA-002/FG | BO28: Jamur | BP28: Alokasi No
A29: 28 | B29: 12 | C29: 46157 | D29: =BH29-C29 -> 77 | E29: B | F29: =C29 -> 46157 | G29: - | H29: =F29+2 -> 46159 | I29: 4 | J29: 25 | K29: 0.113 | L29: 0.355 | M29: 0.27 | N29: 43 | O29: =N29*P29/100 -> 28.26175 | P29: 65.725 | Q29: 0.22 | R29: 74 | S29: SNI | T29: Ok | V29: 29/5; 23/7/2026 | W29: =I29 -> 4 | X29: =J29 -> 25 | AB29: 44 | AC29: 29.04 | AD29: 66 | AF29: 76.5; 83 | AG29: Belshina | AH29: Ok | AI29: 46171 | AO29: =AG29 -> Belshina | AP29: OK | AU29: =IF(OR(T29="Reject",AH29="Reject",AP29="Reject"),"Reject",IF(OR(T29="Hold",AH29="Hold",AP26="Hold"),"Hold","Ok")) -> Ok | AV29: 46171 | AW29: =I29 -> 4 | AX29: =J29 -> 25 | BH29: 46234 | BI29: =AW29 -> 4 | BJ29: =AX29 -> 25 | BK29: 2 | BL29: 16 | BM29: P
A30: 28 | B30: 12 | C30: 46157 | D30: =BH30-C30 -> 77 | E30: B | F30: =C30 -> 46157 | G30: - | H30: =F30+2 -> 46159 | I30: 4 | J30: 26 | K30: 0.1135 | L30: 0.315 | M30: 0.29 | N30: 42.25 | O30: =N30*P30/100 -> 28.751125 | P30: 68.05 | Q30: 0.22 | R30: 74 | S30: SNI | T30: Ok | V30: 29/5; 23/7/2026 | W30: =I30 -> 4 | X30: =J30 -> 26 | AB30: 45 | AC30: 32.85 | AD30: 73 | AF30: 78; 82 | AG30: Belshina | AH30: Ok | AI30: 46171 | AO30: =AG30 -> Belshina | AP30: OK | AU30: =IF(OR(T30="Reject",AH30="Reject",AP30="Reject"),"Reject",IF(OR(T30="Hold",AH30="Hold",AP27="Hold"),"Hold","Ok")) -> Ok | AV30: 46171 | AW30: =I30 -> 4 | AX30: =J30 -> 26 | BH30: 46234 | BI30: =AW30 -> 4 | BJ30: =AX30 -> 26 | BK30: 3 | BL30: 17 | BM30: P
A31: 28 | B31: 12 | C31: 46157 | D31: =BH31-C31 -> 77 | E31: B | F31: =C31 -> 46157 | G31: - | H31: =F31+2 -> 46159 | I31: 4 | J31: 27 | K31: 0.1155 | L31: 0.315 | M31: 0.28 | N31: 41.75 | O31: =N31*P31/100 -> 27.774187 | P31: 66.525 | Q31: 0.22 | R31: 74 | S31: SNI | T31: Ok | V31: 29/5; 23/7/2026 | W31: =I31 -> 4 | X31: =J31 -> 27 | AB31: 42 | AC31: 31.08 | AD31: 74 | AF31: 79; 87 | AG31: Belshina | AH31: Ok | AI31: 46171 | AO31: =AG31 -> Belshina | AP31: OK | AU31: =IF(OR(T31="Reject",AH31="Reject",AP31="Reject"),"Reject",IF(OR(T31="Hold",AH31="Hold",AP28="Hold"),"Hold","Ok")) -> Ok | AV31: 46171 | AW31: =I31 -> 4 | AX31: =J31 -> 27 | BH31: 46234 | BI31: =AW31 -> 4 | BJ31: =AX31 -> 27 | BK31: 3 | BL31: 18 | BM31: P
A32: 28 | B32: 12 | C32: 46157 | D32: =BH32-C32 -> 87 | E32: B | F32: =C32 -> 46157 | G32: - | H32: =F32+2 -> 46159 | I32: 4 | J32: 28 | K32: 0.1085 | L32: 0.32 | M32: 0.27 | N32: 40.5 | O32: =N32*P32/100 -> 27.246375 | P32: 67.275 | Q32: 0.22 | R32: 74 | S32: SNI | T32: Ok | V32: 29/5; 23/7/2026 | W32: =I32 -> 4 | X32: =J32 -> 28 | AB32: 41 | AC32: 29.11 | AD32: 71 | AF32: 78.5; 85 | AG32: Belshina | AH32: Ok | AI32: 46239 | AL32: P | AO32: =AG32 -> Belshina | AP32: Reject | AQ32: Jamur | AU32: =IF(OR(T32="Reject",AH32="Reject",AP32="Reject"),"Reject",IF(OR(T32="Hold",AH32="Hold",AP29="Hold"),"Hold","Ok")) -> Reject | AV32: 46171 | AW32: =I32 -> 4 | AX32: =J32 -> 28 | BA32: P | BD32: Reject | BE32: Jamur | BF32: BA-005/QC | BG32: Sortir | BH32: 46244 | BI32: =AW32 -> 4 | BJ32: =AX32 -> 28 | BK32: 9 | BL32: 69 | BM32: P | BN32: BA-002/FG | BO32: OK | BP32: Alokasi No
A33: 28 | B33: 12 | C33: 46157 | D33: =BH33-C33 -> 77 | E33: B | F33: =C33 -> 46157 | G33: - | H33: =F33+2 -> 46159 | I33: 4 | J33: 29 | K33: 0.1105 | L33: 0.3275 | M33: 0.27 | N33: 40.5 | O33: =N33*P33/100 -> 27.469125 | P33: 67.825 | Q33: 0.22 | R33: 77 | S33: Belshina | T33: Ok | V33: 46226 | W33: =I33 -> 4 | X33: =J33 -> 29 | AB33: 43 | AC33: 28.81 | AD33: 67 | AF33: 82 | AG33: =S33 -> Belshina | AH33: Ok | AI33: 46179 | AO33: =AG33 -> Belshina | AP33: OK | AU33: =IF(OR(T33="Reject",AH33="Reject",AP33="Reject"),"Reject",IF(OR(T33="Hold",AH33="Hold",AP30="Hold"),"Hold","Ok")) -> Ok | AV33: 46179 | AW33: =I33 -> 4 | AX33: =J33 -> 29 | BH33: 46234 | BI33: =AW33 -> 4 | BJ33: =AX33 -> 29 | BK33: 3 | BL33: 19 | BM33: P
A34: 28 | B34: 12 | C34: 46157 | D34: =BH34-C34 -> 77 | E34: B | F34: =C34 -> 46157 | G34: - | H34: =F34+2 -> 46159 | I34: 4 | J34: 30 | K34: 0.1075 | L34: 0.325 | M34: 0.28 | N34: 41.25 | O34: =N34*P34/100 -> 27.297187 | P34: 66.175 | Q34: 0.22 | R34: 77 | S34: Belshina | T34: Ok | V34: 46226 | W34: =I34 -> 4 | X34: =J34 -> 30 | AF34: 83 | AG34: SNI | AH34: Ok | AI34: 46171 | AO34: =AG34 -> SNI | AP34: OK | AQ34: MV Variatif | AR34: Re-Condition | AU34: =IF(OR(T34="Reject",AH34="Reject",AP34="Reject"),"Reject",IF(OR(T34="Hold",AH34="Hold",AP31="Hold"),"Hold","Ok")) -> Ok | AV34: 46171 | AW34: =I34 -> 4 | AX34: =J34 -> 30 | BH34: 46234 | BI34: =AW34 -> 4 | BJ34: =AX34 -> 30 | BK34: 3 | BL34: 20 | BM34: P
A35: 28 | B35: 12 | C35: 46160 | D35: =BH35-C35 -> 75 | E35: B | F35: =C35 -> 46160 | G35: - | H35: =F35+2 -> 46162 | I35: 4 | J35: 31 | K35: 0.115 | L35: 0.315 | M35: 0.29 | N35: 38.25 | O35: =N35*P35/100 -> 23.055187 | P35: 60.275 | Q35: 0.22 | R35: 77 | S35: Belshina | T35: Ok | V35: 46226 | W35: =I35 -> 4 | X35: =J35 -> 31 | AB35: 37 | AC35: 24.05 | AD35: 65 | AF35: 79 | AG35: =S35 -> Belshina | AH35: Ok | AI35: 46171 | AO35: =AG35 -> Belshina | AP35: OK | AU35: =IF(OR(T35="Reject",AH35="Reject",AP35="Reject"),"Reject",IF(OR(T35="Hold",AH35="Hold",AP32="Hold"),"Hold","Ok")) -> Ok | AV35: 46171 | AW35: =I35 -> 4 | AX35: =J35 -> 31 | BH35: 46235 | BI35: =AW35 -> 4 | BJ35: =AX35 -> 31 | BK35: 3 | BL35: 22 | BM35: P
A36: 28 | B36: 12-13 | C36: 46160 | D36: =BH36-C36 -> 122 | E36: B | F36: =C36 -> 46160 | G36: - | H36: =F36+2 -> 46162 | I36: 4 | J36: 32 | K36: 0.11225 | L36: 0.315 | M36: 0.28 | N36: 41 | O36: =N36*P36/100 -> 25.502 | P36: 62.2 | Q36: 0.22 | R36: 77 | S36: Belshina | T36: Ok | W36: =I36 -> 4 | X36: =J36 -> 32 | AA36: 0.36 | AB36: 43 | AC36: 31.003 | AD36: 72.1 | AF36: 77 | AG36: =S36 -> Belshina | AH36: Ok | AI36: 46171 | AO36: =AG36 -> Belshina | AP36: OK | AQ36: Dekat Genangan Air | AR36: Re-Condition | AU36: =IF(OR(T36="Reject",AH36="Reject",AP36="Reject"),"Reject",IF(OR(T36="Hold",AH36="Hold",AP33="Hold"),"Hold","Ok")) -> Ok | AV36: 46171 | AW36: =I36 -> 4 | AX36: =J36 -> 32 | BH36: 46282 | BI36: =AW36 -> 4 | BJ36: =AX36 -> 32 | BK36: 23 | BL36: 193 | BM36: P
A37: 28 | B37: 13 | C37: 46160 | D37: =BH37-C37 -> 75 | E37: B | F37: =C37 -> 46160 | G37: - | H37: =F37+2 -> 46162 | I37: 5 | J37: 33 | K37: 0.1175 | L37: 0.315 | M37: 0.27 | N37: 40.75 | O37: =N37*P37/100 -> 26.725043 | P37: 65.582927 | Q37: 0.23 | R37: 76 | S37: Belshina | T37: Ok | V37: 29/5; 23/7/2026 | W37: =I37 -> 5 | X37: =J37 -> 33 | AB37: 41; 46 | AC37: 29; 29 | AD37: 70.7; 63 | AF37: 77; 85 | AG37: =S37 -> Belshina | AH37: Ok | AI37: 46171 | AO37: =AG37 -> Belshina | AP37: OK | AU37: =IF(OR(T37="Reject",AH37="Reject",AP37="Reject"),"Reject",IF(OR(T37="Hold",AH37="Hold",AP34="Hold"),"Hold","Ok")) -> Ok | AV37: 46171 | AW37: =I37 -> 5 | AX37: =J37 -> 33 | BH37: 46235 | BI37: =AW37 -> 5 | BJ37: =AX37 -> 33 | BK37: 3 | BL37: 23 | BM37: P
A38: 28 | B38: 13-14 | C38: 46161 | D38: =BH38-C38 -> 74 | E38: B | F38: =C38 -> 46161 | G38: - | H38: =F38+2 -> 46163 | I38: 5 | J38: 34 | K38: 0.11175 | L38: 0.3175 | M38: 0.29 | N38: 39.75 | O38: =N38*P38/100 -> 24.431359 | P38: 61.462539 | Q38: 0.23 | R38: 76 | S38: Belshina | T38: Ok | V38: 46226 | W38: =I38 -> 5 | X38: =J38 -> 34 | AB38: 46 | AC38: 28.98 | AD38: 63 | AF38: 85 | AG38: =S38 -> Belshina | AH38: Ok | AI38: 46178 | AO38: =AG38 -> Belshina | AP38: OK | AU38: =IF(OR(T38="Reject",AH38="Reject",AP38="Reject"),"Reject",IF(OR(T38="Hold",AH38="Hold",AP35="Hold"),"Hold","Ok")) -> Ok | AV38: 46178 | AW38: =I38 -> 5 | AX38: =J38 -> 34 | BH38: 46235 | BI38: =AW38 -> 5 | BJ38: =AX38 -> 34 | BK38: 3 | BL38: 24 | BM38: P
A39: 28 | B39: 14 | C39: 46161 | D39: =BH39-C39 -> 83 | E39: B | F39: =C39 -> 46161 | G39: - | H39: =F39+2 -> 46163 | I39: 5 | J39: 35 | K39: 0.1065 | L39: 0.34 | M39: 0.4 | N39: 39.75 | O39: =N39*P39/100 -> 24.754567 | P39: 62.275641 | Q39: 0.23 | R39: 76 | S39: Belshina | T39: Ok | V39: 46226 | W39: =I39 -> 5 | X39: =J39 -> 35 | AB39: 45 | AC39: 28.8 | AD39: 64 | AF39: 82 | AG39: =S39 -> Belshina | AH39: Ok | AI39: 46239 | AO39: =AG39 -> Belshina | AP39: OK | AU39: =IF(OR(T39="Reject",AH39="Reject",AP39="Reject"),"Reject",IF(OR(T39="Hold",AH39="Hold",AP36="Hold"),"Hold","Ok")) -> Ok | AV39: 46178 | AW39: =I39 -> 5 | AX39: =J39 -> 35 | BF39: BA-005/QC | BG39: Sortir | BH39: 46244 | BI39: =AW39 -> 5 | BJ39: =AX39 -> 35 | BK39: 9 | BL39: 70 | BM39: P | BN39: BA-003/FG | BO39: OK | BP39: Alokasi No
A40: 28 | B40: 14 | C40: 46161 | D40: =BH40-C40 -> 77 | E40: B | F40: =C40 -> 46161 | G40: - | H40: =F40+2 -> 46163 | I40: 5 | J40: 36 | K40: 0.10525 | L40: 0.3125 | M40: 0.35 | N40: 39 | O40: =N40*P40/100 -> 25.448626 | P40: 65.252888 | Q40: 0.23 | R40: 76 | S40: Belshina | T40: Ok | V40: 46226 | W40: =I40 -> 5 | X40: =J40 -> 36 | AF40: 82 | AG40: SNI | AH40: Ok | AI40: 46238 | AO40: =AG40 -> SNI | AP40: OK | AQ40: MV Variatif | AR40: Re-Condition | AU40: =IF(OR(T40="Reject",AH40="Reject",AP40="Reject"),"Reject",IF(OR(T40="Hold",AH40="Hold",AP37="Hold"),"Hold","Ok")) -> Ok | AV40: 46238 | AW40: =I40 -> 5 | AX40: =J40 -> 36 | BH40: 46238 | BI40: =AW40 -> 5 | BJ40: =AX40 -> 36 | BK40: 7 | BL40: 53 | BM40: P | BN40: BA-003/QC
A41: 28 | B41: 14 | C41: 46161 | D41: =BH41-C41 -> -46161 | E41: B | F41: =C41 -> 46161 | G41: - | H41: =F41+2 -> 46163 | I41: 5 | J41: 37 | K41: 0.11475 | L41: 0.3175 | M41: 0.39 | N41: 40.25 | O41: =N41*P41/100 -> 28.283347 | P41: 70.269184 | Q41: 0.23 | R41: 76.5 | S41: Belshina | T41: Ok | V41: 46226 | W41: =I41 -> 5 | X41: =J41 -> 37 | AB41: 44 | AC41: 30.8 | AD41: 70 | AF41: 81 | AG41: =S41 -> Belshina | AH41: Ok | AI41: 46240 | AL41: P | AO41: =AG41 -> Belshina | AP41: Reject | AQ41: Jamur | AU41: =IF(OR(T41="Reject",AH41="Reject",AP41="Reject"),"Reject",IF(OR(T41="Hold",AH41="Hold",AP38="Hold"),"Hold","Ok")) -> Reject | AV41: 46178 | AW41: =I41 -> 5 | AX41: =J41 -> 37 | BA41: P | BD41: Reject | BE41: Jamur | BF41: BA-005/QC | BG41: Sortir | BI41: =AW41 -> 5 | BJ41: =AX41 -> 37 | BN41: BA-003/FG | BO41: Jamur | BP41: Alokasi No
A42: 28 | B42: 14-15 | C42: 46162 | D42: =BH42-C42 -> 76 | E42: B | F42: =C42 -> 46162 | G42: - | H42: =F42+2 -> 46164 | I42: 5 | J42: 38 | K42: 0.11825 | L42: 0.31 | M42: 0.38 | N42: 40 | O42: =N42*P42/100 -> 27.976667 | P42: 69.941667 | Q42: 0.23 | R42: 76.5 | S42: Belshina | T42: Ok | V42: 46226 | W42: =I42 -> 5 | X42: =J42 -> 38 | AB42: 43 | AC42: 30.1 | AD42: 70 | AF42: 85 | AG42: =S42 -> Belshina | AH42: Ok | AI42: 46178 | AO42: =AG42 -> Belshina | AP42: OK | AU42: =IF(OR(T42="Reject",AH42="Reject",AP42="Reject"),"Reject",IF(OR(T42="Hold",AH42="Hold",AP39="Hold"),"Hold","Ok")) -> Ok | AV42: 46178 | AW42: =I42 -> 5 | AX42: =J42 -> 38 | BH42: 46238 | BI42: =AW42 -> 5 | BJ42: =AX42 -> 38 | BK42: 5 | BL42: 37 | BM42: P | BN42: BA-002/FG | BO42: OK | BP42: Alokasi No
A43: 28 | B43: 15 | C43: 46162 | D43: =BH43-C43 -> 73 | E43: B | F43: =C43 -> 46162 | G43: - | H43: =F43+2 -> 46164 | I43: 5 | J43: 39 | K43: 0.1065 | L43: 0.295 | M43: 0.29 | N43: 42 | O43: =N43*P43/100 -> 26.725333 | P43: 63.631744 | Q43: 0.23 | R43: 76.5 | S43: Belshina | T43: Ok | V43: 46226 | W43: =I43 -> 5 | X43: =J43 -> 39 | AB43: 45 | AC43: 31.05 | AD43: 69 | AF43: 84 | AG43: =S43 -> Belshina | AH43: Ok | AI43: 46171 | AO43: =AG43 -> Belshina | AP43: OK | AU43: =IF(OR(T43="Reject",AH43="Reject",AP43="Reject"),"Reject",IF(OR(T43="Hold",AH43="Hold",AP40="Hold"),"Hold","Ok")) -> Ok | AV43: 46171 | AW43: =I43 -> 5 | AX43: =J43 -> 39 | BH43: 46235 | BI43: =AW43 -> 5 | BJ43: =AX43 -> 39 | BK43: 4 | BL43: 25 | BM43: P
A44: 28 | B44: 15 | C44: 46162 | D44: =BH44-C44 -> 73 | E44: B | F44: =C44 -> 46162 | G44: - | H44: =F44+2 -> 46164 | I44: 5 | J44: 40 | K44: 0.11375 | L44: 0.305 | M44: 0.3 | N44: 41.25 | O44: =N44*P44/100 -> 26.26244 | P44: 63.666521 | Q44: 0.23 | R44: 76.5 | S44: Belshina | T44: Ok | V44: 46226 | W44: =I44 -> 5 | X44: =J44 -> 40 | AB44: 44 | AC44: 29.04 | AD44: 66 | AF44: 84 | AG44: =S44 -> Belshina | AH44: Ok | AI44: 46171 | AO44: =AG44 -> Belshina | AP44: OK | AU44: =IF(OR(T44="Reject",AH44="Reject",AP44="Reject"),"Reject",IF(OR(T44="Hold",AH44="Hold",AP41="Hold"),"Hold","Ok")) -> Ok | AV44: 46171 | AW44: =I44 -> 5 | AX44: =J44 -> 40 | BH44: 46235 | BI44: =AW44 -> 5 | BJ44: =AX44 -> 40 | BK44: 4 | BL44: 26 | BM44: P
A45: 28 | B45: 15 | C45: 46162 | D45: =BH45-C45 -> 73 | E45: B | F45: =C45 -> 46162 | G45: - | H45: =F45+2 -> 46164 | I45: 6 | J45: 41 | K45: 0.111 | L45: 0.3 | M45: 0.27 | N45: 39.75 | O45: =N45*P45/100 -> 26.960438 | P45: 67.825 | Q45: 0.21 | R45: 74 | S45: SNI | T45: Ok | V45: 6/6; 23/7/2026 | W45: =I45 -> 6 | X45: =J45 -> 41 | AB45: 50 | AC45: 30 | AD45: 60 | AF45: 80.5; 84 | AG45: Belshina | AH45: Ok | AI45: 46179 | AO45: =AG45 -> Belshina | AP45: OK | AU45: =IF(OR(T45="Reject",AH45="Reject",AP45="Reject"),"Reject",IF(OR(T45="Hold",AH45="Hold",AP42="Hold"),"Hold","Ok")) -> Ok | AV45: 46179 | AW45: =I45 -> 6 | AX45: =J45 -> 41 | BH45: 46235 | BI45: =AW45 -> 6 | BJ45: =AX45 -> 41 | BK45: 4 | BL45: 27 | BM45: P
A46: 28 | B46: 15 | C46: 46162 | D46: =BH46-C46 -> 73 | E46: B | F46: =C46 -> 46162 | G46: - | H46: =F46+2 -> 46164 | I46: 6 | J46: 42 | K46: 0.11175 | L46: 0.3275 | M46: 0.29 | N46: 45.25 | O46: =N46*P46/100 -> 29.2315 | P46: 64.6 | Q46: 0.21 | R46: 74 | S46: SNI | T46: Ok | V46: 8/6; 23/7/2026 | W46: =I46 -> 6 | X46: =J46 -> 42 | AB46: 43 | AC46: 27.09 | AD46: 63 | AF46: 80.5; 88 | AG46: Belshina | AH46: Ok | AI46: 46181 | AO46: =AG46 -> Belshina | AP46: OK | AU46: =IF(OR(T46="Reject",AH46="Reject",AP46="Reject"),"Reject",IF(OR(T46="Hold",AH46="Hold",AP43="Hold"),"Hold","Ok")) -> Ok | AV46: 46181 | AW46: =I46 -> 6 | AX46: =J46 -> 42 | BH46: 46235 | BI46: =AW46 -> 6 | BJ46: =AX46 -> 42 | BK46: 4 | BL46: 28 | BM46: P
A47: 28-4 | B47: 15-17 | C47: 46162 | D47: =BH47-C47 -> 73 | E47: B | F47: =C47 -> 46162 | G47: - | H47: =F47+2 -> 46164 | I47: 6 | J47: 43 | K47: 0.11725 | L47: 0.31 | M47: 0.29 | N47: 47.5 | O47: =N47*P47/100 -> 27.775625 | P47: 58.475 | Q47: 0.21 | R47: 74 | S47: SNI | T47: Re-Test | U47: PRI | V47: 6/6; 26/6; 23/7/2026 | W47: =I47 -> 6 | X47: =J47 -> 43 | AB47: 47; 47; 49 | AC47: 32; 32; 32.8 | AD47: 68.1; 68.1; 67 | AF47: 80; 85 | AG47: Belshina | AH47: Ok | AI47: 46179 | AO47: =AG47 -> Belshina | AP47: OK | AU47: =IF(OR(T47="Reject",AH47="Reject",AP47="Reject"),"Reject",IF(OR(T47="Hold",AH47="Hold",AP44="Hold"),"Hold","Ok")) -> Ok | AV47: 46179 | AW47: =I47 -> 6 | AX47: =J47 -> 43 | BH47: 46235 | BI47: =AW47 -> 6 | BJ47: =AX47 -> 43 | BK47: 4 | BL47: 29 | BM47: P
A48: 4 | B48: 17 | C48: 46163 | D48: =BH48-C48 -> -46163 | E48: B | F48: =C48 -> 46163 | G48: - | H48: =F48+2 -> 46165 | I48: 6 | J48: 44 | K48: 0.10925 | L48: 0.3325 | M48: 0.37 | N48: 46 | O48: =N48*P48/100 -> 28.75 | P48: 62.5 | Q48: 0.21 | R48: 74 | S48: SNI | T48: Ok | V48: 6/6; 23/7/2026 | W48: =I48 -> 6 | X48: =J48 -> 44 | AF48: 72.5; 90 | AG48: =S48 -> SNI | AH48: Ok | AI48: 46239 | AO48: =AG48 -> SNI | AP48: OK | AU48: =IF(OR(T48="Reject",AH48="Reject",AP48="Reject"),"Reject",IF(OR(T48="Hold",AH48="Hold",AP45="Hold"),"Hold","Ok")) -> Ok | AV48: 46179 | AW48: =I48 -> 6 | AX48: =J48 -> 44 | BF48: BA-005/QC | BG48: Sortir | BI48: =AW48 -> 6 | BJ48: =AX48 -> 44 | BN48: BA-003/FG | BO48: Jamur | BP48: Alokasi No
A49: 4 | B49: 17 | C49: 46163 | D49: =BH49-C49 -> 72 | E49: B | F49: =C49 -> 46163 | G49: - | H49: =F49+2 -> 46165 | I49: 6 | J49: 45 | K49: 0.10975 | L49: 0.3225 | M49: 0.28 | N49: 42.75 | O49: =N49*P49/100 -> 30.021187 | P49: 70.225 | Q49: 0.21 | R49: 78 | S49: Belshina | T49: Ok | V49: 9/6; 23/7/2026 | W49: =I49 -> 6 | X49: =J49 -> 45 | AB49: 42 | AC49: 28.98 | AD49: 69 | AF49: 82 | AG49: =S49 -> Belshina | AH49: Ok | AI49: 46182 | AO49: =AG49 -> Belshina | AP49: OK | AU49: =IF(OR(T49="Reject",AH49="Reject",AP49="Reject"),"Reject",IF(OR(T49="Hold",AH49="Hold",AP46="Hold"),"Hold","Ok")) -> Ok | AV49: 46182 | AW49: =I49 -> 6 | AX49: =J49 -> 45 | BH49: 46235 | BI49: =AW49 -> 6 | BJ49: =AX49 -> 45 | BK49: 4 | BL49: 30 | BM49: P
A50: 4 | B50: 17 | C50: 46163 | D50: =BH50-C50 -> 72 | E50: B | F50: =C50 -> 46163 | G50: - | H50: =F50+2 -> 46165 | I50: 6 | J50: 46 | K50: 0.1085 | L50: 0.3175 | M50: 0.29 | N50: 43.5 | O50: =N50*P50/100 -> 28.07925 | P50: 64.55 | Q50: 0.21 | R50: 78 | S50: Belshina | T50: Ok | V50: 46226 | W50: =I50 -> 6 | X50: =J50 -> 46 | AB50: 50 | AC50: 33 | AD50: 66 | AF50: 88 | AG50: =S50 -> Belshina | AH50: Ok | AI50: 46178 | AO50: =AG50 -> Belshina | AP50: OK | AU50: =IF(OR(T50="Reject",AH50="Reject",AP50="Reject"),"Reject",IF(OR(T50="Hold",AH50="Hold",AP47="Hold"),"Hold","Ok")) -> Ok | AV50: 46178 | AW50: =I50 -> 6 | AX50: =J50 -> 46 | BH50: 46235 | BI50: =AW50 -> 6 | BJ50: =AX50 -> 46 | BK50: 4 | BL50: 31 | BM50: P
A51: 4 | B51: 17 | C51: 46163 | D51: =BH51-C51 -> 72 | E51: B | F51: =C51 -> 46163 | G51: - | H51: =F51+2 -> 46165 | I51: 6 | J51: 47 | K51: 0.11425 | L51: 0.3275 | M51: 0.3 | N51: 45 | O51: =N51*P51/100 -> 26.505 | P51: 58.9 | Q51: 0.21 | R51: 78 | S51: Belshina | T51: Re-Test | U51: PRI | V51: 26/6; 23/7/2026 | W51: =I51 -> 6 | X51: =J51 -> 47 | AB51: 47; 47 | AC51: 32.1; 32 | AD51: 68.2; 68 | AF51: 87 | AG51: =S51 -> Belshina | AH51: Ok | AI51: 46178 | AO51: =AG51 -> Belshina | AP51: OK | AU51: =IF(OR(T51="Reject",AH51="Reject",AP51="Reject"),"Reject",IF(OR(T51="Hold",AH51="Hold",AP48="Hold"),"Hold","Ok")) -> Ok | AV51: 46178 | AW51: =I51 -> 6 | AX51: =J51 -> 47 | BH51: 46235 | BI51: =AW51 -> 6 | BJ51: =AX51 -> 47 | BK51: 4 | BL51: 32 | BM51: P
A52: 4 | B52: 17 | C52: 46163 | D52: =BH52-C52 -> 72 | E52: B | F52: =C52 -> 46163 | G52: - | H52: =F52+2 -> 46165 | I52: 6 | J52: 48 | K52: 0.11075 | L52: 0.305 | M52: 0.3 | N52: 45.5 | O52: =N52*P52/100 -> 29.00625 | P52: 63.75 | Q52: 0.21 | R52: 78 | S52: Belshina | T52: Ok | V52: 46226 | W52: =I52 -> 6 | X52: =J52 -> 48 | AB52: 46 | AC52: 30.82 | AD52: 67 | AF52: 90 | AG52: =S52 -> Belshina | AH52: Ok | AI52: 46178 | AO52: =AG52 -> Belshina | AP52: OK | AU52: =IF(OR(T52="Reject",AH52="Reject",AP52="Reject"),"Reject",IF(OR(T52="Hold",AH52="Hold",AP49="Hold"),"Hold","Ok")) -> Ok | AV52: 46178 | AW52: =I52 -> 6 | AX52: =J52 -> 48 | BH52: 46235 | BI52: =AW52 -> 6 | BJ52: =AX52 -> 48 | BK52: 5 | BL52: 33 | BM52: P
A53: 4 | B53: 17 | C53: 46163 | D53: =BH53-C53 -> 72 | E53: B | F53: =C53 -> 46163 | G53: - | H53: =F53+2 -> 46165 | I53: 7 | J53: 49 | K53: 0.108 | L53: 0.325 | M53: 0.31 | N53: 42.25 | O53: =N53*P53/100 -> 29.44825 | P53: 69.7 | Q53: 0.21 | R53: 80 | S53: Belshina | T53: Ok | V53: 46226 | W53: =I53 -> 7 | X53: =J53 -> 49 | AB53: 48 | AC53: 32.16 | AD53: 67 | AF53: 89 | AG53: =S53 -> Belshina | AH53: Ok | AI53: 46179 | AO53: =AG53 -> Belshina | AP53: OK | AU53: =IF(OR(T53="Reject",AH53="Reject",AP53="Reject"),"Reject",IF(OR(T53="Hold",AH53="Hold",AP50="Hold"),"Hold","Ok")) -> Ok | AV53: 46179 | AW53: =I53 -> 7 | AX53: =J53 -> 49 | BH53: 46235 | BI53: =AW53 -> 7 | BJ53: =AX53 -> 49 | BK53: 5 | BL53: 34 | BM53: P
A54: 4 | B54: 17 | C54: 46163 | D54: =BH54-C54 -> 75 | E54: B | F54: =C54 -> 46163 | G54: - | H54: =F54+2 -> 46165 | I54: 7 | J54: 50 | K54: 0.1095 | L54: 0.33 | M54: 0.27 | N54: 45.25 | O54: =N54*P54/100 -> 28.73375 | P54: 63.5 | Q54: 0.21 | R54: 80 | S54: Belshina | T54: Ok | W54: =I54 -> 7 | X54: =J54 -> 50 | AH54: Reject | AI54: 46238 | AJ54: P | AP54: Reject | AQ54: Kontaminasi | AR54: Re-Process | AU54: =IF(OR(T54="Reject",AH54="Reject",AP54="Reject"),"Reject",IF(OR(T54="Hold",AH54="Hold",AP51="Hold"),"Hold","Ok")) -> Reject | AV54: 46238 | AW54: =I54 -> 7 | AX54: =J54 -> 50 | BA54: P | BD54: Reject | BE54: Jamur | BH54: 46238 | BI54: =AW54 -> 7 | BJ54: =AX54 -> 50 | BK54: 5 | BL54: 38 | BM54: P | BN54: BA-002/QC | BO54: OK | BP54: Mix Pallet 005-0032
A55: 4 | B55: 17 | C55: 46163 | D55: =BH55-C55 -> 72 | E55: B | F55: =C55 -> 46163 | G55: - | H55: =F55+2 -> 46165 | I55: 7 | J55: 51 | K55: 0.11025 | L55: 0.325 | M55: 0.26 | N55: 40.25 | O55: =N55*P55/100 -> 25.297125 | P55: 62.85 | Q55: 0.21 | R55: 80 | S55: Belshina | T55: Ok | V55: 46226 | W55: =I55 -> 7 | X55: =J55 -> 51 | AB55: 43 | AC55: 30.1 | AD55: 70 | AF55: 82 | AG55: =S55 -> Belshina | AH55: Ok | AI55: 46179 | AO55: =AG55 -> Belshina | AP55: OK | AU55: =IF(OR(T55="Reject",AH55="Reject",AP55="Reject"),"Reject",IF(OR(T55="Hold",AH55="Hold",AP52="Hold"),"Hold","Ok")) -> Ok | AV55: 46179 | AW55: =I55 -> 7 | AX55: =J55 -> 51 | BH55: 46235 | BI55: =AW55 -> 7 | BJ55: =AX55 -> 51 | BK55: 5 | BL55: 35 | BM55: P
A56: 4 | B56: 17 | C56: 46163 | D56: =BH56-C56 -> 72 | E56: B | F56: =C56 -> 46163 | G56: - | H56: =F56+2 -> 46165 | I56: 7 | J56: 52 | K56: 0.111 | L56: 0.345 | M56: 0.28 | N56: 46.5 | O56: =N56*P56/100 -> 28.260375 | P56: 60.775 | Q56: 0.21 | R56: 80 | S56: Belshina | T56: Ok | W56: =I56 -> 7 | X56: =J56 -> 52 | AH56: Reject | AI56: 46178 | AJ56: P | AN56: P | AO56: =AG56 -> 0 | AP56: Reject | AQ56: Kontaminasi + Pallet | AR56: Re-Process | AU56: =IF(OR(T56="Reject",AH56="Reject",AP56="Reject"),"Reject",IF(OR(T56="Hold",AH56="Hold",AP53="Hold"),"Hold","Ok")) -> Reject | AV56: 46178 | AW56: =I56 -> 7 | AX56: =J56 -> 52 | BA56: P | BH56: 46235 | BI56: =AW56 -> 7 | BJ56: =AX56 -> 52 | BK56: 5 | BL56: 36 | BM56: P
A57: 4 | B57: 17 | C57: 46163 | D57: =BH57-C57 -> 75 | E57: B | F57: =C57 -> 46163 | G57: - | H57: =F57+2 -> 46165 | I57: 7 | J57: 53 | K57: 0.111 | L57: 0.3675 | M57: 0.27 | N57: 47.25 | O57: =N57*P57/100 -> 28.007438 | P57: 59.275 | Q57: 0.21 | R57: 81 | S57: Belshina | T57: Re-Test | U57: PRI | V57: 46199 | W57: =I57 -> 7 | X57: =J57 -> 53 | AA57: 0.68 | AB57: 46 | AC57: 28.98 | AD57: 63 | AH57: Reject | AI57: 46238 | AM57: P | AP57: Reject | AQ57: VM | AR57: Re-Process | AU57: =IF(OR(T57="Reject",AH57="Reject",AP57="Reject"),"Reject",IF(OR(T57="Hold",AH57="Hold",AP54="Hold"),"Hold","Ok")) -> Reject | AV57: 46238 | AW57: =I57 -> 7 | AX57: =J57 -> 53 | BA57: P | BD57: Reject | BE57: Jamur | BH57: 46238 | BI57: =AW57 -> 7 | BJ57: =AX57 -> 53 | BK57: 5 | BL57: 39 | BM57: P | BN57: BA-002/QC | BO57: OK | BP57: Mix Pallet 005-0032
A58: 4 | B58: 17-18 | C58: 46164 | D58: =BH58-C58 -> 74 | E58: B | F58: =C58 -> 46164 | G58: - | H58: =F58+2 -> 46166 | I58: 7 | J58: 54 | K58: 0.1125 | L58: 0.33 | M58: 0.26 | N58: 46 | O58: =N58*P58/100 -> 28.497 | P58: 61.95 | Q58: 0.21 | R58: 81 | S58: Belshina | T58: Ok | V58: 46226 | W58: =I58 -> 7 | X58: =J58 -> 54 | AB58: 49 | AC58: 32.83 | AD58: 67 | AF58: 95 | AG58: =S58 -> Belshina | AH58: Ok | AI58: 46238 | AO58: =AG58 -> Belshina | AP58: OK | AU58: =IF(OR(T58="Reject",AH58="Reject",AP58="Reject"),"Reject",IF(OR(T58="Hold",AH58="Hold",AP55="Hold"),"Hold","Ok")) -> Ok | AV58: 46238 | AW58: =I58 -> 7 | AX58: =J58 -> 54 | BH58: 46238 | BI58: =AW58 -> 7 | BJ58: =AX58 -> 54 | BK58: 5 | BL58: 40 | BM58: P
A59: 4 | B59: 18 | C59: 46164 | D59: =BH59-C59 -> 80 | E59: B | F59: =C59 -> 46164 | G59: - | H59: =F59+2 -> 46166 | I59: 7 | J59: 55 | K59: 0.10325 | L59: 0.305 | M59: 0.32 | N59: 47 | O59: =N59*P59/100 -> 28.00025 | P59: 59.575 | Q59: 0.21 | R59: 81 | S59: Belshina | T59: Re-Test | U59: PRI | V59: 26/6; 23/7/2026 | W59: =I59 -> 7 | X59: =J59 -> 55 | AB59: 48; 48 | AC59: 30; 35 | AD59: 62.5; 73 | AF59: 88 | AG59: =S59 -> Belshina | AH59: Ok | AI59: 46239 | AO59: =AG59 -> Belshina | AP59: OK | AU59: =IF(OR(T59="Reject",AH59="Reject",AP59="Reject"),"Reject",IF(OR(T59="Hold",AH59="Hold",AP56="Hold"),"Hold","Ok")) -> Ok | AV59: 46181 | AW59: =I59 -> 7 | AX59: =J59 -> 55 | BF59: BA-005/QC | BG59: Sortir | BH59: 46244 | BI59: =AW59 -> 7 | BJ59: =AX59 -> 55 | BK59: 9 | BL59: 71 | BM59: P | BN59: BA-002/FG | BO59: OK | BP59: Alokasi No
A60: 4 | B60: 18 | C60: 46164 | D60: =BH60-C60 -> 74 | E60: B | F60: =C60 -> 46164 | G60: - | H60: =F60+2 -> 46166 | I60: 7 | J60: 56 | K60: 0.10325 | L60: 0.32 | M60: 0.33 | N60: 46.25 | O60: =N60*P60/100 -> 27.992812 | P60: 60.525 | Q60: 0.21 | R60: 81 | S60: Belshina | T60: Ok | W60: =I60 -> 7 | X60: =J60 -> 56 | AG60: =S60 -> Belshina | AH60: Ok | AI60: 46238 | AO60: =AG60 -> Belshina | AP60: OK | AU60: =IF(OR(T60="Reject",AH60="Reject",AP60="Reject"),"Reject",IF(OR(T60="Hold",AH60="Hold",AP57="Hold"),"Hold","Ok")) -> Ok | AV60: 46238 | AW60: =I60 -> 7 | AX60: =J60 -> 56 | BH60: 46238 | BI60: =AW60 -> 7 | BJ60: =AX60 -> 56 | BK60: 7 | BL60: 54 | BM60: P
A61: 4 | B61: 18 | C61: 46164 | D61: =BH61-C61 -> 80 | E61: B | F61: =C61 -> 46164 | G61: - | H61: =F61+2 -> 46166 | I61: 8 | J61: 57 | K61: 0.11475 | L61: 0.325 | M61: 0.29 | N61: 47 | O61: =N61*P61/100 -> 28.999 | P61: 61.7 | Q61: 0.22 | R61: 83.5 | S61: SNI | T61: Ok | V61: 5; 6; 30/6/2026 | W61: =I61 -> 8 | X61: =J61 -> 57 | AB61: 48 | AC61: 28.992 | AD61: 60.4 | AF61: 82.2; 84.5; 83.5; 88 | AG61: =S61 -> SNI | AH61: Ok | AI61: 46178 | AO61: =AG61 -> SNI | AP61: OK | AU61: =IF(OR(T61="Reject",AH61="Reject",AP61="Reject"),"Reject",IF(OR(T61="Hold",AH61="Hold",AP58="Hold"),"Hold","Ok")) -> Ok | AV61: 46178 | AW61: =I61 -> 8 | AX61: =J61 -> 57 | BH61: 46244 | BI61: =AW61 -> 8 | BJ61: =AX61 -> 57 | BK61: 9 | BL61: 72 | BM61: P
A62: 4 | B62: 18 | C62: 46164 | D62: =BH62-C62 -> 74 | E62: B | F62: =C62 -> 46164 | G62: - | H62: =F62+2 -> 46166 | I62: 8 | J62: 58 | K62: 0.11525 | L62: 0.335 | M62: 0.3 | N62: 46.5 | O62: =N62*P62/100 -> 28.5045 | P62: 61.3 | Q62: 0.22 | R62: 83.5 | S62: SNI | T62: Ok | W62: =I62 -> 8 | X62: =J62 -> 58 | AG62: =S62 -> SNI | AH62: Ok | AI62: 46238 | AJ62: P | AO62: =AG62 -> SNI | AP62: Reject | AQ62: Kontaminasi | AR62: Re-Process | AU62: =IF(OR(T62="Reject",AH62="Reject",AP62="Reject"),"Reject",IF(OR(T62="Hold",AH62="Hold",AP59="Hold"),"Hold","Ok")) -> Reject | AV62: 46238 | AW62: =I62 -> 8 | AX62: =J62 -> 58 | BH62: 46238 | BI62: =AW62 -> 8 | BJ62: =AX62 -> 58 | BK62: 7 | BL62: 55 | BM62: P
A63: 4 | B63: 18 | C63: 46164 | D63: =BH63-C63 -> 80 | E63: B | F63: =C63 -> 46164 | G63: - | H63: =F63+2 -> 46166 | I63: 8 | J63: 59 | K63: 0.1065 | L63: 0.345 | M63: 0.29 | N63: 49.75 | O63: =N63*P63/100 -> 31.49175 | P63: 63.3 | Q63: 0.22 | R63: 83.5 | S63: SNI | T63: Ok | W63: =I63 -> 8 | X63: =J63 -> 59 | AG63: =S63 -> SNI | AH63: Ok | AI63: 46238 | AO63: =AG63 -> SNI | AP63: OK | AU63: =IF(OR(T63="Reject",AH63="Reject",AP63="Reject"),"Reject",IF(OR(T63="Hold",AH63="Hold",AP60="Hold"),"Hold","Ok")) -> Ok | AV63: 46238 | AW63: =I63 -> 8 | AX63: =J63 -> 59 | BH63: 46244 | BI63: =AW63 -> 8 | BJ63: =AX63 -> 59 | BK63: 9 | BL63: 73 | BM63: P
A64: 4 | B64: 18-19 | C64: 46164 | D64: =BH64-C64 -> 92 | E64: B | F64: =C64 -> 46164 | G64: - | H64: =F64+2 -> 46166 | I64: 8 | J64: 60 | K64: 0.105 | L64: 0.3125 | M64: 0.34 | N64: 51 | O64: =N64*P64/100 -> 33.558 | P64: 65.8 | Q64: 0.22 | R64: 83.5 | S64: SNI | T64: Ok | V64: 10; 23/7/2026 | W64: =I64 -> 8 | X64: =J64 -> 60 | AF64: 82.5; 90 | AG64: Belshina | AH64: Ok | AI64: 46237 | AO64: =AG64 -> Belshina | AP64: OK | AU64: =IF(OR(T64="Reject",AH64="Reject",AP64="Reject"),"Reject",IF(OR(T64="Hold",AH64="Hold",AP61="Hold"),"Hold","Ok")) -> Ok | AV64: 46237 | AW64: =I64 -> 8 | AX64: =J64 -> 60 | BF64: BA-005/QC | BG64: Sortir | BH64: 46256 | BI64: =AW64 -> 8 | BJ64: =AX64 -> 60 | BK64: 15 | BL64: 125 | BM64: P | BN64: BA-003/FG | BO64: Jamur | BP64: Alokasi No
A65: 4 | B65: 19 | C65: 46164 | D65: =BH65-C65 -> 74 | E65: B | F65: =C65 -> 46164 | G65: - | H65: =F65+2 -> 46166 | I65: 8 | J65: 61 | K65: 0.11425 | L65: 0.3225 | M65: 0.38 | N65: 50.25 | O65: =N65*P65/100 -> 32.247937 | P65: 64.175 | Q65: 0.22 | R65: 86 | S65: SNI | T65: Ok | V65: 11; 23/7/2026 | W65: =I65 -> 8 | X65: =J65 -> 61 | AF65: 84.5; 91 | AG65: =S65 -> SNI | AH65: Ok | AI65: 46238 | AO65: =AG65 -> SNI | AP65: OK | AU65: =IF(OR(T65="Reject",AH65="Reject",AP65="Reject"),"Reject",IF(OR(T65="Hold",AH65="Hold",AP62="Hold"),"Hold","Ok")) -> Ok | AV65: 46238 | AW65: =I65 -> 8 | AX65: =J65 -> 61 | BH65: 46238 | BI65: =AW65 -> 8 | BJ65: =AX65 -> 61 | BK65: 7 | BL65: 56 | BM65: P
A66: 4 | B66: 19 | C66: 46164 | D66: =BH66-C66 -> 74 | E66: B | F66: =C66 -> 46164 | G66: - | H66: =F66+2 -> 46166 | I66: 8 | J66: 62 | K66: 0.109 | L66: 0.36 | M66: 0.35 | N66: 48.25 | O66: =N66*P66/100 -> 31.000625 | P66: 64.25 | Q66: 0.22 | R66: 86 | S66: SNI | T66: Ok | W66: =I66 -> 8 | X66: =J66 -> 62 | AG66: =S66 -> SNI | AH66: Ok | AI66: 46238 | AO66: =AG66 -> SNI | AP66: OK | AU66: =IF(OR(T66="Reject",AH66="Reject",AP66="Reject"),"Reject",IF(OR(T66="Hold",AH66="Hold",AP63="Hold"),"Hold","Ok")) -> Ok | AV66: 46238 | AW66: =I66 -> 8 | AX66: =J66 -> 62 | BH66: 46238 | BI66: =AW66 -> 8 | BJ66: =AX66 -> 62 | BK66: 7 | BL66: 57 | BM66: P
A67: 4 | B67: 19-20 | C67: 46167 | D67: =BH67-C67 -> 99 | E67: B | F67: =C67 -> 46167 | G67: - | H67: =F67+2 -> 46169 | I67: 8 | J67: 63 | K67: 0.1115 | L67: 0.345 | M67: 0.34 | N67: 48 | O67: =N67*P67/100 -> 29.76 | P67: 62 | Q67: 0.22 | R67: 86 | S67: SNI | T67: Ok | W67: =I67 -> 8 | X67: =J67 -> 63 | AG67: =S67 -> SNI | AH67: Ok | AI67: 46196 | AL67: P | AO67: =AG67 -> SNI | AP67: Reject | AQ67: Jamur | AR67: Re-Process | AU67: =IF(OR(T67="Reject",AH67="Reject",AP67="Reject"),"Reject",IF(OR(T67="Hold",AH67="Hold",AP64="Hold"),"Hold","Ok")) -> Reject | AV67: 46196 | AW67: =I67 -> 8 | AX67: =J67 -> 63 | BA67: P | BD67: Reject | BE67: Jamur | BF67: BA-005/QC | BG67: Sortir | BH67: 46266 | BI67: =AW67 -> 8 | BJ67: =AX67 -> 63 | BK67: 19 | BL67: 161 | BM67: P | BN67: BA-003/FG | BO67: Jamur | BP67: Alokasi No
A68: 4 | B68: 20 | C68: 46167 | D68: =BH68-C68 -> 115 | E68: B | F68: =C68 -> 46167 | G68: - | H68: =F68+2 -> 46169 | I68: 8 | J68: 64 | K68: 0.106 | L68: 0.3675 | M68: 0.36 | N68: 47.5 | O68: =N68*P68/100 -> 29.4975 | P68: 62.1 | Q68: 0.22 | R68: 86 | S68: SNI | T68: Ok | W68: =I68 -> 8 | X68: =J68 -> 64 | AG68: =S68 -> SNI | AH68: Ok | AI68: 46226 | AL68: P | AO68: =AG68 -> SNI | AP68: Reject | AQ68: Jamur | AR68: Re-Process | AU68: =IF(OR(T68="Reject",AH68="Reject",AP68="Reject"),"Reject",IF(OR(T68="Hold",AH68="Hold",AP65="Hold"),"Hold","Ok")) -> Reject | AV68: 46226 | AW68: =I68 -> 8 | AX68: =J68 -> 64 | BA68: P | BD68: Reject | BE68: Jamur | BF68: BA-005/QC | BG68: Sortir | BH68: 46282 | BI68: =AW68 -> 8 | BJ68: =AX68 -> 64 | BK68: 23 | BL68: 194 | BM68: P | BN68: BA-003/FG | BO68: Jamur | BP68: Alokasi No
A69: 4 | B69: 20 | C69: 46167 | D69: =BH69-C69 -> 120 | E69: B | F69: =C69 -> 46167 | G69: - | H69: =F69+2 -> 46169 | I69: 9 | J69: 65 | K69: 0.112 | L69: 0.365 | M69: 0.37 | N69: 49 | O69: =N69*P69/100 -> 31.752 | P69: 64.8 | Q69: 0.23 | R69: 81.5 | S69: Belshina | T69: Ok | V69: 22,30/6/2026 | W69: =I69 -> 9 | X69: =J69 -> 65 | AB69: 50 | AC69: 31 | AD69: 62 | AF69: 86; 85; 88 | AG69: SNI | AH69: Ok | AI69: 46178 | AK69: P | AO69: =AG69 -> SNI | AP69: Reject | AQ69: WS | AR69: Re-Condition | AU69: =IF(OR(T69="Reject",AH69="Reject",AP69="Reject"),"Reject",IF(OR(T69="Hold",AH69="Hold",AP66="Hold"),"Hold","Ok")) -> Reject | AV69: 46178 | AW69: =I69 -> 9 | AX69: =J69 -> 65 | BF69: BA-005/QC | BG69: Sortir | BH69: 46287 | BI69: =AW69 -> 9 | BJ69: =AX69 -> 65 | BK69: 25 | BL69: 212 | BN69: BA-002/FG | BO69: Jamur | BP69: Alokasi No
A70: 4 | B70: 20 | C70: 46167 | D70: =BH70-C70 -> 89 | E70: B | F70: =C70 -> 46167 | G70: - | H70: =F70+2 -> 46169 | I70: 9 | J70: 66 | K70: 0.11075 | L70: 0.355 | M70: 0.37 | N70: 50.25 | O70: =N70*P70/100 -> 32.750437 | P70: 65.175 | Q70: 0.23 | R70: 81.5 | S70: Belshina | T70: Ok | W70: =I70 -> 9 | X70: =J70 -> 66 | AG70: =S70 -> Belshina | AH70: Ok | AI70: 46238 | AJ70: P | AO70: =AG70 -> Belshina | AP70: Reject | AQ70: Kontaminasi | AR70: Re-Process | AU70: =IF(OR(T70="Reject",AH70="Reject",AP70="Reject"),"Reject",IF(OR(T70="Hold",AH70="Hold",AP67="Hold"),"Hold","Ok")) -> Reject | AV70: 46178 | AW70: =I70 -> 9 | AX70: =J70 -> 66 | BF70: BA-004/QC | BG70: Sortir | BH70: 46256 | BI70: =AW70 -> 9 | BJ70: =AX70 -> 66 | BK70: 15 | BL70: 126 | BM70: P | BN70: BA-002/FG | BO70: Jamur | BP70: Alokasi No
A71: 4 | B71: 20 | C71: 46167 | D71: =BH71-C71 -> 89 | E71: B | F71: =C71 -> 46167 | G71: - | H71: =F71+2 -> 46169 | I71: 9 | J71: 67 | K71: 0.11475 | L71: 0.365 | M71: 0.38 | N71: 49 | O71: =N71*P71/100 -> 33.2465 | P71: 67.85 | Q71: 0.23 | R71: 81.5 | S71: Belshina | T71: Ok | W71: =I71 -> 9 | X71: =J71 -> 67 | AG71: =S71 -> Belshina | AH71: Ok | AI71: 46238 | AK71: P | AO71: =AG71 -> Belshina | AP71: Reject | AQ71: WS | AR71: Re-Condition | AU71: =IF(OR(T71="Reject",AH71="Reject",AP71="Reject"),"Reject",IF(OR(T71="Hold",AH71="Hold",AP68="Hold"),"Hold","Ok")) -> Reject | AV71: 46238 | AW71: =I71 -> 9 | AX71: =J71 -> 67 | BF71: BA-004/QC | BG71: Sortir | BH71: 46256 | BI71: =AW71 -> 9 | BJ71: =AX71 -> 67 | BK71: 15 | BL71: 127 | BM71: P | BN71: BA-002/FG | BO71: Jamur | BP71: Alokasi No
A72: 4 | B72: 20 | C72: 46167 | D72: =BH72-C72 -> 115 | E72: B | F72: =C72 -> 46167 | G72: - | H72: =F72+2 -> 46169 | I72: 9 | J72: 68 | K72: 0.116 | L72: 0.3525 | M72: 0.35 | N72: 48 | O72: =N72*P72/100 -> 29.244 | P72: 60.925 | Q72: 0.23 | R72: 81.5 | S72: Belshina | T72: Ok | W72: =I72 -> 9 | X72: =J72 -> 68 | AA72: 0.73 | AB72: 46 | AC72: 24.84 | AD72: 54 | AF72: 81.5 | AH72: Reject | AI72: 46240 | AL72: P | AM72: P | AP72: Reject | AQ72: VM / Jamur | AR72: Re-Process | AU72: =IF(OR(T72="Reject",AH72="Reject",AP72="Reject"),"Reject",IF(OR(T72="Hold",AH72="Hold",AP69="Hold"),"Hold","Ok")) -> Reject | AV72: 46178 | AW72: =I72 -> 9 | AX72: =J72 -> 68 | BA72: P | BD72: Reject | BE72: Jamur | BF72: BA-005/QC | BG72: Sortir | BH72: 46282 | BI72: =AW72 -> 9 | BJ72: =AX72 -> 68 | BK72: 23 | BL72: 195 | BM72: P | BN72: BA-003/FG | BO72: Jamur | BP72: Alokasi No
A73: 4 | B73: 20 | C73: 46167 | D73: =BH73-C73 -> 71 | E73: B | F73: =C73 -> 46167 | G73: - | H73: =F73+2 -> 46169 | I73: 9 | J73: 69 | K73: 0.114 | L73: 0.37 | M73: 0.38 | N73: 48.25 | O73: =N73*P73/100 -> 30.240687 | P73: 62.675 | Q73: 0.23 | R73: 78 | S73: Belshina | T73: Ok | V73: 46226 | W73: =I73 -> 9 | X73: =J73 -> 69 | AB73: 48 | AC73: 33.12 | AD73: 69 | AF73: 89 | AG73: Belshina | AH73: Ok | AI73: 46238 | AO73: =AG73 -> Belshina | AP73: OK | AU73: =IF(OR(T73="Reject",AH73="Reject",AP73="Reject"),"Reject",IF(OR(T73="Hold",AH73="Hold",AP70="Hold"),"Hold","Ok")) -> Ok | AV73: 46238 | AW73: =I73 -> 9 | AX73: =J73 -> 69 | BF73: BA-004/QC | BG73: Sortir | BH73: 46238 | BI73: =AW73 -> 9 | BJ73: =AX73 -> 69 | BK73: 5 | BL73: 41 | BM73: P | BN73: BA-002/FG | BO73: OK | BP73: Alokasi No
A74: 4 | B74: 20 | C74: 46167 | D74: =BH74-C74 -> 71 | E74: B | F74: =C74 -> 46167 | G74: - | H74: =F74+2 -> 46169 | I74: 9 | J74: 70 | K74: 0.1115 | L74: 0.3575 | M74: 0.35 | N74: 46 | O74: =N74*P74/100 -> 28.98 | P74: 63 | Q74: 0.23 | R74: 78 | S74: Belshina | T74: Ok | V74: 46226 | W74: =I74 -> 9 | X74: =J74 -> 70 | AF74: 84 | AG74: Belshina | AH74: Ok | AI74: 46238 | AO74: =AG74 -> Belshina | AP74: OK | AU74: =IF(OR(T74="Reject",AH74="Reject",AP74="Reject"),"Reject",IF(OR(T74="Hold",AH74="Hold",AP71="Hold"),"Hold","Ok")) -> Ok | AV74: 46238 | AW74: =I74 -> 9 | AX74: =J74 -> 70 | BH74: 46238 | BI74: =AW74 -> 9 | BJ74: =AX74 -> 70 | BK74: 5 | BL74: 42 | BM74: P
A75: 4 | B75: 20 | C75: 46167 | D75: =BH75-C75 -> 71 | E75: B | F75: =C75 -> 46167 | G75: - | H75: =F75+2 -> 46169 | I75: 9 | J75: 71 | K75: 0.11275 | L75: 0.3475 | M75: 0.37 | N75: 45.5 | O75: =N75*P75/100 -> 28.73325 | P75: 63.15 | Q75: 0.23 | R75: 78 | S75: Belshina | T75: Ok | W75: =I75 -> 9 | X75: =J75 -> 71 | AG75: Belshina | AH75: Ok | AI75: 46238 | AO75: =AG75 -> Belshina | AP75: OK | AU75: =IF(OR(T75="Reject",AH75="Reject",AP75="Reject"),"Reject",IF(OR(T75="Hold",AH75="Hold",AP72="Hold"),"Hold","Ok")) -> Ok | AV75: 46238 | AW75: =I75 -> 9 | AX75: =J75 -> 71 | BH75: 46238 | BI75: =AW75 -> 9 | BJ75: =AX75 -> 71 | BK75: 5 | BL75: 43 | BM75: P
A76: 4 | B76: 20-22 | C76: 46171 | D76: =BH76-C76 -> 67 | E76: B | F76: =C76 -> 46171 | G76: - | H76: =F76+2 -> 46173 | I76: 9 | J76: 72 | K76: 0.11175 | L76: 0.3475 | M76: 0.38 | N76: 47.75 | O76: =N76*P76/100 -> 30.03475 | P76: 62.9 | Q76: 0.23 | R76: 78 | S76: Belshina | T76: Ok | V76: 46226 | W76: =I76 -> 9 | X76: =J76 -> 72 | AF76: 85; 87 | AG76: Belshina | AH76: Ok | AI76: 46238 | AO76: =AG76 -> Belshina | AP76: OK | AU76: =IF(OR(T76="Reject",AH76="Reject",AP76="Reject"),"Reject",IF(OR(T76="Hold",AH76="Hold",AP73="Hold"),"Hold","Ok")) -> Ok | AV76: 46238 | AW76: =I76 -> 9 | AX76: =J76 -> 72 | BF76: BA-005/QC | BG76: Sortir | BH76: 46238 | BI76: =AW76 -> 9 | BJ76: =AX76 -> 72 | BK76: 5 | BL76: 44 | BM76: P
A77: 4 | B77: 22 | C77: 46172 | D77: =BH77-C77 -> 72 | E77: B | F77: =C77 -> 46172 | G77: - | H77: =F77+2 -> 46174 | I77: 10 | J77: 73 | K77: 0.10525 | L77: 0.33 | M77: 0.29 | N77: 51.25 | O77: =N77*P77/100 -> 29.750625 | P77: 58.05 | Q77: 0.2 | R77: 85.5 | S77: SNI | T77: Re-Test | U77: PRI | W77: =I77 -> 10 | X77: =J77 -> 73 | AG77: SNI | AH77: Ok | AI77: 46239 | AO77: =AG77 -> SNI | AP77: OK | AU77: =IF(OR(T77="Reject",AH77="Reject",AP77="Reject"),"Reject",IF(OR(T77="Hold",AH77="Hold",AP74="Hold"),"Hold","Ok")) -> Ok | AV77: 46237 | AW77: =I77 -> 10 | AX77: =J77 -> 73 | BF77: BA-005/QC | BG77: Sortir | BH77: 46244 | BI77: =AW77 -> 10 | BJ77: =AX77 -> 73 | BK77: 11 | BL77: 86 | BM77: P | BN77: BA-003/FG | BO77: OK | BP77: Alokasi No
A78: 4 | B78: 22 | C78: 46172 | D78: =BH78-C78 -> 66 | E78: B | F78: =C78 -> 46172 | G78: - | H78: =F78+2 -> 46174 | I78: 10 | J78: 74 | K78: 0.10775 | L78: 0.3625 | M78: 0.3 | N78: 50.75 | O78: =N78*P78/100 -> 29.764875 | P78: 58.65 | Q78: 0.2 | R78: 85.5 | S78: SNI | T78: Re-Test | U78: PRI | W78: =I78 -> 10 | X78: =J78 -> 74 | AG78: SNI | AH78: Ok | AI78: 46232 | AO78: =AG78 -> SNI | AP78: OK | AU78: =IF(OR(T78="Reject",AH78="Reject",AP78="Reject"),"Reject",IF(OR(T78="Hold",AH78="Hold",AP75="Hold"),"Hold","Ok")) -> Ok | AV78: 46232 | AW78: =I78 -> 10 | AX78: =J78 -> 74 | BH78: 46238 | BI78: =AW78 -> 10 | BJ78: =AX78 -> 74 | BK78: 7 | BL78: 58 | BM78: P
A79: 4 | B79: 22 | C79: 46172 | D79: =BH79-C79 -> 66 | E79: B | F79: =C79 -> 46172 | G79: - | H79: =F79+2 -> 46174 | I79: 10 | J79: 75 | K79: 0.1125 | L79: 0.355 | M79: 0.29 | N79: 47.5 | O79: =N79*P79/100 -> 28.511875 | P79: 60.025 | Q79: 0.2 | R79: 85.5 | S79: SNI | T79: Ok | W79: =I79 -> 10 | X79: =J79 -> 75 | AG79: SNI | AH79: Ok | AI79: 46238 | AO79: =AG79 -> SNI | AP79: OK | AU79: =IF(OR(T79="Reject",AH79="Reject",AP79="Reject"),"Reject",IF(OR(T79="Hold",AH79="Hold",AP76="Hold"),"Hold","Ok")) -> Ok | AV79: 46238 | AW79: =I79 -> 10 | AX79: =J79 -> 75 | BH79: 46238 | BI79: =AW79 -> 10 | BJ79: =AX79 -> 75 | BK79: 6 | BL79: 45 | BM79: P
A80: 5 | B80: 23 | C80: 46175 | D80: =BH80-C80 -> 63 | E80: B | F80: =C80 -> 46175 | G80: - | H80: =F80+2 -> 46177 | I80: 10 | J80: 76 | K80: 0.1145 | L80: 0.3425 | M80: 0.27 | N80: 46.75 | O80: =N80*P80/100 -> 27.243562 | P80: 58.275 | Q80: 0.2 | R80: 85.5 | S80: SNI | T80: Re-Test | U80: PRI | W80: =I80 -> 10 | X80: =J80 -> 76 | AG80: SNI | AH80: Ok | AI80: 46238 | AO80: =AG80 -> SNI | AP80: OK | AU80: =IF(OR(T80="Reject",AH80="Reject",AP80="Reject"),"Reject",IF(OR(T80="Hold",AH80="Hold",AP77="Hold"),"Hold","Ok")) -> Ok | AV80: 46238 | AW80: =I80 -> 10 | AX80: =J80 -> 76 | BH80: 46238 | BI80: =AW80 -> 10 | BJ80: =AX80 -> 76 | BK80: 6 | BL80: 46 | BM80: P
A81: 5 | B81: 23 | C81: 46175 | D81: =BH81-C81 -> 63 | E81: B | F81: =C81 -> 46175 | G81: - | H81: =F81+2 -> 46177 | I81: 10 | J81: 77 | K81: 0.116 | L81: 0.3475 | M81: 0.33 | N81: 49.75 | O81: =N81*P81/100 -> 32.775177 | P81: 65.879752 | Q81: 0.2 | R81: 79 | S81: Belshina | T81: Ok | V81: 46226 | W81: =I81 -> 10 | X81: =J81 -> 77 | AF81: 91 | AG81: Belshina | AH81: Ok | AI81: 46238 | AO81: =AG81 -> Belshina | AP81: OK | AU81: =IF(OR(T81="Reject",AH81="Reject",AP81="Reject"),"Reject",IF(OR(T81="Hold",AH81="Hold",AP78="Hold"),"Hold","Ok")) -> Ok | AV81: 46238 | AW81: =I81 -> 10 | AX81: =J81 -> 77 | BF81: BA-004/QC | BG81: Sortir | BH81: 46238 | BI81: =AW81 -> 10 | BJ81: =AX81 -> 77 | BK81: 6 | BL81: 47 | BM81: P | BN81: BA-002/FG | BO81: OK | BP81: Alokasi No
A82: 5 | B82: 23 | C82: 46175 | D82: =BH82-C82 -> 63 | E82: B | F82: =C82 -> 46175 | G82: - | H82: =F82+2 -> 46177 | I82: 10 | J82: 78 | K82: 0.1105 | L82: 0.3125 | M82: 0.34 | N82: 51.5 | O82: =N82*P82/100 -> 31.260228 | P82: 60.699472 | Q82: 0.2 | R82: 79 | S82: Belshina | T82: Ok | W82: =I82 -> 10 | X82: =J82 -> 78 | AG82: Belshina | AH82: Ok | AI82: 46238 | AO82: =AG82 -> Belshina | AP82: OK | AU82: =IF(OR(T82="Reject",AH82="Reject",AP82="Reject"),"Reject",IF(OR(T82="Hold",AH82="Hold",AP79="Hold"),"Hold","Ok")) -> Ok | AV82: 46238 | AW82: =I82 -> 10 | AX82: =J82 -> 78 | BH82: 46238 | BI82: =AW82 -> 10 | BJ82: =AX82 -> 78 | BK82: 6 | BL82: 48 | BM82: P
A83: 5 | B83: 23 | C83: 46175 | D83: =BH83-C83 -> 63 | E83: B | F83: =C83 -> 46175 | G83: - | H83: =F83+2 -> 46177 | I83: 10 | J83: 79 | K83: 0.113 | L83: 0.3625 | M83: 0.35 | N83: 47.75 | O83: =N83*P83/100 -> 30.038392 | P83: 62.907628 | Q83: 0.2 | R83: 79 | S83: Belshina | T83: Ok | V83: 46226 | W83: =I83 -> 10 | X83: =J83 -> 79 | AF83: 89 | AG83: Belshina | AH83: Ok | AI83: 46238 | AO83: =AG83 -> Belshina | AP83: OK | AU83: =IF(OR(T83="Reject",AH83="Reject",AP83="Reject"),"Reject",IF(OR(T83="Hold",AH83="Hold",AP80="Hold"),"Hold","Ok")) -> Ok | AV83: 46238 | AW83: =I83 -> 10 | AX83: =J83 -> 79 | BH83: 46238 | BI83: =AW83 -> 10 | BJ83: =AX83 -> 79 | BK83: 7 | BL83: 59 | BM83: P
A84: 5 | B84: 23 | C84: 46175 | D84: =BH84-C84 -> 63 | E84: B | F84: =C84 -> 46175 | G84: - | H84: =F84+2 -> 46177 | I84: 10 | J84: 80 | K84: 0.111 | L84: 0.3325 | M84: 0.39 | N84: 49 | O84: =N84*P84/100 -> 30.783714 | P84: 62.823905 | Q84: 0.2 | R84: 79 | S84: Belshina | T84: Ok | W84: =I84 -> 10 | X84: =J84 -> 80 | AG84: Belshina | AH84: Ok | AI84: 46238 | AO84: =AG84 -> Belshina | AP84: OK | AU84: =IF(OR(T84="Reject",AH84="Reject",AP84="Reject"),"Reject",IF(OR(T84="Hold",AH84="Hold",AP81="Hold"),"Hold","Ok")) -> Ok | AV84: 46238 | AW84: =I84 -> 10 | AX84: =J84 -> 80 | BH84: 46238 | BI84: =AW84 -> 10 | BJ84: =AX84 -> 80 | BK84: 7 | BL84: 60 | BM84: P
A85: 5 | B85: 23-24 | C85: 46176 | D85: =BH85-C85 -> 68 | E85: B | F85: =C85 -> 46176 | G85: - | H85: =F85+2 -> 46178 | I85: 11 | J85: 81 | K85: 0.11425 | L85: 0.355 | M85: 0.33 | N85: 48.75 | O85: =N85*P85/100 -> 29.25 | P85: 60 | Q85: 0.2 | R85: 83.5 | S85: SNI | T85: Ok | V85: 22,30/6/2026 | W85: =I85 -> 11 | X85: =J85 -> 81 | AB85: 49 | AC85: 30.87 | AD85: 63 | AF85: 82; 86; 84 | AG85: SNI | AH85: Ok | AI85: 46239 | AO85: =AG85 -> SNI | AP85: OK | AU85: =IF(OR(T85="Reject",AH85="Reject",AP85="Reject"),"Reject",IF(OR(T85="Hold",AH85="Hold",AP82="Hold"),"Hold","Ok")) -> Ok | AV85: 46237 | AW85: =I85 -> 11 | AX85: =J85 -> 81 | BF85: BA-005/QC | BG85: Sortir | BH85: 46244 | BI85: =AW85 -> 11 | BJ85: =AX85 -> 81 | BK85: 9 | BL85: 74 | BM85: P | BN85: BA-003/FG | BO85: OK | BP85: Alokasi No
A86: 5 | B86: 24 | C86: 46176 | D86: =BH86-C86 -> 62 | E86: B | F86: =C86 -> 46176 | G86: - | H86: =F86+2 -> 46178 | I86: 11 | J86: 82 | K86: 0.11575 | L86: 0.335 | M86: 0.3 | N86: 49.75 | O86: =N86*P86/100 -> 29.99925 | P86: 60.3 | Q86: 0.2 | R86: 83.5 | S86: SNI | T86: Ok | V86: 19/6; 23/7/2026 | W86: =I86 -> 11 | X86: =J86 -> 82 | AF86: 86; 90 | AG86: SNI | AH86: Ok | AI86: 46238 | AO86: =AG86 -> SNI | AP86: OK | AU86: =IF(OR(T86="Reject",AH86="Reject",AP86="Reject"),"Reject",IF(OR(T86="Hold",AH86="Hold",AP83="Hold"),"Hold","Ok")) -> Ok | AV86: 46238 | AW86: =I86 -> 11 | AX86: =J86 -> 82 | BH86: 46238 | BI86: =AW86 -> 11 | BJ86: =AX86 -> 82 | BK86: 8 | BL86: 61 | BM86: P
A87: 5 | B87: 24 | C87: 46176 | D87: =BH87-C87 -> 62 | E87: B | F87: =C87 -> 46176 | G87: - | H87: =F87+2 -> 46178 | I87: 11 | J87: 83 | K87: 0.1155 | L87: 0.3725 | M87: 0.34 | N87: 49 | O87: =N87*P87/100 -> 29.988 | P87: 61.2 | Q87: 0.2 | R87: 83.5 | S87: SNI | T87: Ok | V87: 46226 | W87: =I87 -> 11 | X87: =J87 -> 83 | AF87: 84 | AG87: SNI | AH87: Ok | AI87: 46238 | AO87: =AG87 -> SNI | AP87: OK | AU87: =IF(OR(T87="Reject",AH87="Reject",AP87="Reject"),"Reject",IF(OR(T87="Hold",AH87="Hold",AP84="Hold"),"Hold","Ok")) -> Ok | AV87: 46238 | AW87: =I87 -> 11 | AX87: =J87 -> 83 | BH87: 46238 | BI87: =AW87 -> 11 | BJ87: =AX87 -> 83 | BK87: 8 | BL87: 62 | BM87: P
A88: 5 | B88: 24 | C88: 46176 | D88: =BH88-C88 -> 62 | E88: B | F88: =C88 -> 46176 | G88: - | H88: =F88+2 -> 46178 | I88: 11 | J88: 84 | K88: 0.1115 | L88: 0.3425 | M88: 0.37 | N88: 47.25 | O88: =N88*P88/100 -> 29.495812 | P88: 62.425 | Q88: 0.2 | R88: 83.5 | S88: SNI | T88: Ok | W88: =I88 -> 11 | X88: =J88 -> 84 | AG88: SNI | AH88: Ok | AI88: 46232 | AO88: =AG88 -> SNI | AP88: OK | AU88: =IF(OR(T88="Reject",AH88="Reject",AP88="Reject"),"Reject",IF(OR(T88="Hold",AH88="Hold",AP85="Hold"),"Hold","Ok")) -> Ok | AV88: 46232 | AW88: =I88 -> 11 | AX88: =J88 -> 84 | BH88: 46238 | BI88: =AW88 -> 11 | BJ88: =AX88 -> 84 | BK88: 8 | BL88: 63 | BM88: P
A89: 5 | B89: 24 | C89: 46176 | D89: =BH89-C89 -> 68 | E89: B | F89: =C89 -> 46176 | G89: - | H89: =F89+2 -> 46178 | I89: 11 | J89: 85 | K89: 0.1115 | L89: 0.325 | M89: 0.32 | N89: 46.25 | O89: =N89*P89/100 -> 30.224375 | P89: 65.35 | Q89: 0.2 | R89: 78.5 | S89: Belshina | T89: Ok | V89: 46226 | W89: =I89 -> 11 | X89: =J89 -> 85 | AF89: 91 | AG89: Belshina | AH89: Ok | AI89: 46239 | AO89: =AG89 -> Belshina | AP89: OK | AU89: =IF(OR(T89="Reject",AH89="Reject",AP89="Reject"),"Reject",IF(OR(T89="Hold",AH89="Hold",AP86="Hold"),"Hold","Ok")) -> Ok | AV89: 46238 | AW89: =I89 -> 11 | AX89: =J89 -> 85 | BF89: BA-005/QC | BG89: Sortir | BH89: 46244 | BI89: =AW89 -> 11 | BJ89: =AX89 -> 85 | BK89: 9 | BL89: 75 | BM89: P | BN89: BA-003/FG | BO89: OK | BP89: Alokasi No
A90: 5 | B90: 24 | C90: 46176 | D90: =BH90-C90 -> 62 | E90: B | F90: =C90 -> 46176 | G90: - | H90: =F90+2 -> 46178 | I90: 11 | J90: 86 | K90: 0.11175 | L90: 0.3575 | M90: 0.39 | N90: 46.75 | O90: =N90*P90/100 -> 28.505813 | P90: 60.975 | Q90: 0.2 | R90: 78.5 | S90: Belshina | T90: Ok | V90: 46226 | W90: =I90 -> 11 | X90: =J90 -> 86 | AF90: 90 | AG90: Belshina | AH90: Ok | AI90: 46223 | AO90: =AG90 -> Belshina | AP90: Ok | AU90: =IF(OR(T90="Reject",AH90="Reject",AP90="Reject"),"Reject",IF(OR(T90="Hold",AH90="Hold",AP87="Hold"),"Hold","Ok")) -> Ok | AV90: 46223 | AW90: =I90 -> 11 | AX90: =J90 -> 86 | BH90: 46238 | BI90: =AW90 -> 11 | BJ90: =AX90 -> 86 | BK90: 8 | BL90: 64 | BM90: P
A91: 5 | B91: 24 | C91: 46176 | D91: =BH91-C91 -> 62 | E91: B | F91: =C91 -> 46176 | G91: - | H91: =F91+2 -> 46178 | I91: 11 | J91: 87 | K91: 0.1095 | L91: 0.35 | M91: 0.37 | N91: 48.25 | O91: =N91*P91/100 -> 31.736438 | P91: 65.775 | Q91: 0.2 | R91: 78.5 | S91: Belshina | T91: Ok | W91: =I91 -> 11 | X91: =J91 -> 87 | AG91: Belshina | AH91: Ok | AI91: 46232 | AO91: =AG91 -> Belshina | AP91: Ok | AU91: =IF(OR(T91="Reject",AH91="Reject",AP91="Reject"),"Reject",IF(OR(T91="Hold",AH91="Hold",AP88="Hold"),"Hold","Ok")) -> Ok | AV91: 46232 | AW91: =I91 -> 11 | AX91: =J91 -> 87 | BH91: 46238 | BI91: =AW91 -> 11 | BJ91: =AX91 -> 87 | BK91: 8 | BL91: 65 | BM91: P
A92: 5 | B92: 24 | C92: 46176 | D92: =BH92-C92 -> 62 | E92: B | F92: =C92 -> 46176 | G92: - | H92: =F92+2 -> 46178 | I92: 11 | J92: 88 | K92: 0.11425 | L92: 0.3275 | M92: 0.39 | N92: 46.25 | O92: =N92*P92/100 -> 29.5075 | P92: 63.8 | Q92: 0.2 | R92: 78.5 | S92: Belshina | T92: Ok | V92: 46226 | W92: =I92 -> 11 | X92: =J92 -> 88 | AF92: 90 | AG92: Belshina | AH92: Ok | AI92: 46238 | AO92: =AG92 -> Belshina | AP92: OK | AU92: =IF(OR(T92="Reject",AH92="Reject",AP92="Reject"),"Reject",IF(OR(T92="Hold",AH92="Hold",AP89="Hold"),"Hold","Ok")) -> Ok | AV92: 46238 | AW92: =I92 -> 11 | AX92: =J92 -> 88 | BH92: 46238 | BI92: =AW92 -> 11 | BJ92: =AX92 -> 88 | BK92: 8 | BL92: 66 | BM92: P
A93: 5 | B93: 24 | C93: 46176 | D93: =BH93-C93 -> 62 | E93: B | F93: =C93 -> 46176 | G93: - | H93: =F93+2 -> 46178 | I93: 12 | J93: 89 | K93: 0.11375 | L93: 0.35 | M93: 0.36 | N93: 48.75 | O93: =N93*P93/100 -> 29.749688 | P93: 61.025 | Q93: 0.24 | R93: 75.5 | S93: Belshina | T93: Ok | W93: =I93 -> 12 | X93: =J93 -> 89 | AG93: Belshina | AH93: Ok | AI93: 46238 | AO93: =AG93 -> Belshina | AP93: OK | AU93: =IF(OR(T93="Reject",AH93="Reject",AP93="Reject"),"Reject",IF(OR(T93="Hold",AH93="Hold",AP90="Hold"),"Hold","Ok")) -> Ok | AV93: 46238 | AW93: =I93 -> 12 | AX93: =J93 -> 89 | BF93: BA-004/QC | BG93: Sortir | BH93: 46238 | BI93: =AW93 -> 12 | BJ93: =AX93 -> 89 | BK93: 8 | BL93: 67 | BM93: P
A94: 5 | B94: 24-25 | C94: 46177 | D94: =BH94-C94 -> 134 | E94: B | F94: =C94 -> 46177 | G94: - | H94: =F94+2 -> 46179 | I94: 12 | J94: 90 | K94: 0.1155 | L94: 0.34 | M94: 0.3 | N94: 47.5 | O94: =N94*P94/100 -> 32.205 | P94: 67.8 | Q94: 0.24 | R94: 75.5 | S94: Belshina | T94: Ok | V94: 46226 | W94: =I94 -> 12 | X94: =J94 -> 90 | AF94: 91 | AG94: Belshina | AH94: Ok | AI94: 46238 | AO94: =AG94 -> Belshina | AP94: OK | AU94: =IF(OR(T94="Reject",AH94="Reject",AP94="Reject"),"Reject",IF(OR(T94="Hold",AH94="Hold",AP91="Hold"),"Hold","Ok")) -> Ok | AV94: 46238 | AW94: =I94 -> 12 | AX94: =J94 -> 90 | BF94: BA-004/QC | BG94: Sortir | BH94: 46311 | BI94: =AW94 -> 12 | BJ94: =AX94 -> 90 | BN94: BA-002/FG | BO94: Jamur | BP94: Alokasi No
A95: 5 | B95: 25 | C95: 46177 | D95: =BH95-C95 -> 89 | E95: B | F95: =C95 -> 46177 | G95: - | H95: =F95+2 -> 46179 | I95: 12 | J95: 91 | K95: 0.11225 | L95: 0.3525 | M95: 0.32 | N95: 46 | O95: =N95*P95/100 -> 26.9675 | P95: 58.625 | Q95: 0.24 | R95: 75.5 | S95: Belshina | T95: Re-Test | U95: PRI | V95: 46226 | W95: =I95 -> 12 | X95: =J95 -> 91 | AF95: 94 | AG95: Belshina | AH95: Ok | AI95: 46238 | AO95: =AG95 -> Belshina | AP95: OK | AU95: =IF(OR(T95="Reject",AH95="Reject",AP95="Reject"),"Reject",IF(OR(T95="Hold",AH95="Hold",AP92="Hold"),"Hold","Ok")) -> Ok | AV95: 46238 | AW95: =I95 -> 12 | AX95: =J95 -> 91 | BF95: BA-004/QC | BG95: Sortir | BH95: 46266 | BI95: =AW95 -> 12 | BJ95: =AX95 -> 91 | BK95: 19 | BL95: 162 | BM95: P | BN95: BA-002/FG | BO95: Jamur | BP95: Alokasi No
A96: 5 | B96: 25 | C96: 46177 | D96: =BH96-C96 -> 61 | E96: B | F96: =C96 -> 46177 | G96: - | H96: =F96+2 -> 46179 | I96: 12 | J96: 92 | K96: 0.11325 | L96: 0.3475 | M96: 0.34 | N96: 46.25 | O96: =N96*P96/100 -> 28.235625 | P96: 61.05 | Q96: 0.24 | R96: 75.5 | S96: Belshina | T96: Ok | V96: 46226 | W96: =I96 -> 12 | X96: =J96 -> 92 | AF96: 89 | AG96: Belshina | AH96: Ok | AI96: 46238 | AO96: =AG96 -> Belshina | AP96: OK | AU96: =IF(OR(T96="Reject",AH96="Reject",AP96="Reject"),"Reject",IF(OR(T96="Hold",AH96="Hold",AP93="Hold"),"Hold","Ok")) -> Ok | AV96: 46238 | AW96: =I96 -> 12 | AX96: =J96 -> 92 | BH96: 46238 | BI96: =AW96 -> 12 | BJ96: =AX96 -> 92 | BK96: 8 | BL96: 68 | BM96: P
A97: 5 | B97: 25-26 | C97: 46178 | D97: =BH97-C97 -> 133 | E97: B | F97: =C97 -> 46178 | G97: - | H97: =F97+2 -> 46180 | I97: 12 | J97: 93 | K97: 0.113275 | L97: 0.335 | M97: 0.32 | N97: 46.5 | O97: =N97*P97/100 -> 28.179 | P97: 60.6 | Q97: 0.24 | R97: 81.5 | S97: Belshina | T97: Ok | W97: =I97 -> 12 | X97: =J97 -> 93 | AG97: Belshina | AH97: Ok | AI97: 46240 | AO97: =AG97 -> Belshina | AP97: OK | AU97: =IF(OR(T97="Reject",AH97="Reject",AP97="Reject"),"Reject",IF(OR(T97="Hold",AH97="Hold",AP94="Hold"),"Hold","Ok")) -> Ok | AW97: =I97 -> 12 | AX97: =J97 -> 93 | BF97: BA-005/QC | BG97: Sortir | BH97: 46311 | BI97: =AW97 -> 12 | BJ97: =AX97 -> 93
A98: 5 | B98: 26 | C98: 46178 | D98: =BH98-C98 -> 60 | E98: B | F98: =C98 -> 46178 | G98: - | H98: =F98+2 -> 46180 | I98: 12 | J98: 94 | K98: 0.1095 | L98: 0.3425 | M98: 0.33 | N98: 44.5 | O98: =N98*P98/100 -> 28.50225 | P98: 64.05 | Q98: 0.24 | R98: 81.5 | S98: Belshina | T98: Ok | V98: 46226 | W98: =I98 -> 12 | X98: =J98 -> 94 | AF98: 86 | AG98: Belshina | AH98: Ok | AI98: 46238 | AO98: =AG98 -> Belshina | AP98: OK | AU98: =IF(OR(T98="Reject",AH98="Reject",AP98="Reject"),"Reject",IF(OR(T98="Hold",AH98="Hold",AP95="Hold"),"Hold","Ok")) -> Ok | AV98: 46238 | AW98: =I98 -> 12 | AX98: =J98 -> 94 | BF98: BA-004/QC | BG98: Sortir | BH98: 46238 | BI98: =AW98 -> 12 | BJ98: =AX98 -> 94 | BK98: 6 | BL98: 49 | BM98: P | BN98: BA-002/FG | BO98: OK | BP98: Alokasi No
A99: 5 | B99: 26 | C99: 46178 | D99: =BH99-C99 -> 66 | E99: B | F99: =C99 -> 46178 | G99: - | H99: =F99+2 -> 46180 | I99: 12 | J99: 95 | K99: 0.1115 | L99: 0.33 | M99: 0.31 | N99: 45.5 | O99: =N99*P99/100 -> 28.494375 | P99: 62.625 | Q99: 0.24 | R99: 81.5 | S99: Belshina | T99: Ok | W99: =I99 -> 12 | X99: =J99 -> 95 | AG99: Belshina | AH99: Ok | AI99: 46239 | AL99: P | AP99: Reject | AQ99: Jamur | AR99: Re-Process | AU99: =IF(OR(T99="Reject",AH99="Reject",AP99="Reject"),"Reject",IF(OR(T99="Hold",AH99="Hold",AP96="Hold"),"Hold","Ok")) -> Reject | AV99: 46233 | AW99: =I99 -> 12 | AX99: =J99 -> 95 | BA99: P | BD99: Reject | BE99: Jamur | BF99: BA-005/QC | BG99: Sortir | BH99: 46244 | BI99: =AW99 -> 12 | BJ99: =AX99 -> 95 | BK99: 10 | BL99: 83 | BM99: P | BN99: BA-003/FG | BO99: OK | BP99: Alokasi No
A100: 5 | B100: 26 | C100: 46178 | D100: =BH100-C100 -> 66 | E100: B | F100: =C100 -> 46178 | G100: - | H100: =F100+2 -> 46180 | I100: 12 | J100: 96 | K100: 0.1155 | L100: 0.35 | M100: 0.35 | N100: 45.75 | O100: =N100*P100/100 -> 29.245688 | P100: 63.925 | Q100: 0.24 | R100: 81.5 | S100: Belshina | T100: Ok | W100: =I100 -> 12 | X100: =J100 -> 96 | AG100: Belshina | AH100: Ok | AI100: 46238 | AJ100: P | AP100: Reject | AQ100: Kontaminasi | AR100: Re-Process | AU100: =IF(OR(T100="Reject",AH100="Reject",AP100="Reject"),"Reject",IF(OR(T100="Hold",AH100="Hold",AP97="Hold"),"Hold","Ok")) -> Reject | AV100: 46238 | AW100: =I100 -> 12 | AX100: =J100 -> 96 | AY100: P | BH100: 46244 | BI100: =AW100 -> 12 | BJ100: =AX100 -> 96 | BK100: 10 | BL100: 84 | BM100: P
A101: 5 | B101: 26 | C101: 46178 | D101: =BH101-C101 -> 60 | E101: B | F101: =C101 -> 46178 | G101: - | H101: =F101+2 -> 46180 | I101: 13 | J101: 97 | K101: 0.1115 | L101: 0.3525 | M101: 0.3 | N101: 45.25 | O101: =N101*P101/100 -> 28.73375 | P101: 63.5 | Q101: 0.19 | R101: 78.5 | S101: Belshina | T101: Ok | W101: =I101 -> 13 | X101: =J101 -> 97 | AG101: Belshina | AH101: Ok | AI101: 46238 | AO101: =AG101 -> Belshina | AP101: OK | AU101: =IF(OR(T101="Reject",AH101="Reject",AP101="Reject"),"Reject",IF(OR(T101="Hold",AH101="Hold",AP98="Hold"),"Hold","Ok")) -> Ok | AV101: 46238 | AW101: =I101 -> 13 | AX101: =J101 -> 97 | BF101: BA-004/QC | BG101: Sortir | BH101: 46238 | BI101: =AW101 -> 13 | BJ101: =AX101 -> 97 | BK101: 6 | BL101: 50 | BM101: P | BN101: BA-002/FG | BO101: OK | BP101: Alokasi No
...

Sheet FG
AK1: Awal | AL1: ± 0.01 | AM1: ± 0.01 | AN1: maks 0.80 | AO1: ± 1 | AQ1: min 65 | AR1: ± 0.01 | AS1: ± 1
AK2: Akhir | AL2: ± 0.01 | AM2: ± 0.01 | AN2: maks 0.57 | AO2: ± 1 | AQ2: turun 10 | AR2: ± 0.01 | AS2: naik 5
AK3: Min | AL3: =MIN(AL9:AL363) -> -0.0185 | AM3: =MIN(AM9:AM363) -> -0.0025 | AN3: =MIN(AN9:AN363) -> -0.07 | AO3: =MIN(AO9:AO363) -> -13.25 | AP3: =MIN(AP9:AP363) -> -7.32775 | AQ3: =MIN(AQ9:AQ363) -> -12.925 | AR3: =MIN(AR9:AR363) -> -0.05 | AS3: =MIN(AS9:AS363) -> -11
AK4: Max | AL4: =MAX(AL9:AL363) -> 0.10925 | AM4: =MAX(AM9:AM363) -> 0.3525 | AN4: =MAX(AN9:AN363) -> 0.4 | AO4: =MAX(AO9:AO363) -> 41.5 | AP4: =MAX(AP9:AP363) -> 29.465 | AQ4: =MAX(AQ9:AQ363) -> 72.986406 | AR4: =MAX(AR9:AR363) -> 0.23 | AS4: =MAX(AS9:AS363) -> 82
B5: Batch | O5: Laboratory / Quality Control | X5: Quality Control (III) | AZ5: Finish Good / Eksport
